Palavra,Polaridade
à-vontade,1
abafado,-1
abafante,-1
abaixado,-1
abalado,-1
abalizado,1
abalroado,-1
abalroar,1
abanar,1
abandalhado,-1
abandalhamento,-1
abandonado,-1
abandonar,-1
abarrotado,-1
abastado,1
abater,1
abatido,-1
abelhudo,-1
abençoado,1
aberração,-1
aberrante,-1
aberrativo,-1
aberto,1
abespinhado,-1
abestalhado,-1
abilolado,-1
abjeção,-1
abjecção,-1
abjecto,-1
abjeto,-1
abnegado,1
abobado,-1
abobalhado,-1
abolido,-1
abominador,-1
abominando,-1
abominável,-1
abonado,1
abonatório,1
aborrecer-se,-1
aborrecer,1
aborrecido,-1
abortado,-1
abraçado,1
abrilhantado,1
abrir a alma,1
abrir o coração,1
abrir os olhos,1
abrupto,-1
abrutalhado,-1
absentista,-1
absorvente,1
abstémico,1
abstémio,1
abstracto,-1
abstraído,-1
abstrato,-1
abstrusidade,-1
abstruso,-1
absurdo,-1
abulia,-1
abúlico,-1
abusado,-1
abusador,-1
abusar,-1
abusivo,-1
acabado,-1
acabadote,-1
acabrunhado,-1
acaciano,-1
açambarcador,-1
acanhado,-1
acanhamento,-1
acanhar-se,-1
acatado,1
acéfalo,-1
aceitável,1
acerado,-1
acerbidade,-1
acerbo,-1
acérrimo,-1
acertado,1
acertar na mosca,1
acertar na mouche,1
acessível,1
achacado,-1
achatado,-1
achegado,1
achincalhar,-1
acidentado,-1
aciganado,-1
acintoso,-1
acirrado,-1
acobardado,-1
acobardar-se,-1
acobertado,-1
acocado,-1
açoitado,-1
acolhedor,1
acomodadiço,-1
acomodar-se,-1
aconchegado,1
acordar com o rabo para o ar,-1
acordar com os pés de fora,-1
acorrentado,-1
acorrentar-se,-1
acorrentar,1
acossado,-1
acossar,1
açougueiro,-1
acre,-1
acreditado,1
acriançado,-1
acrítico,-1
activo,1
acudir,1
aculturado,-1
acurado,1
acusado,-1
acutilante,-1
adâmico,-1
adepto,1
adequado,1
adestrado,1
adiposo,-1
admirável,1
admoestador,-1
adoentado,-1
adorado,1
adorando,1
adorável,1
adormecido,-1
adulador,-1
adulterador,-1
adulterino,-1
adultério,-1
adúltero,-1
adverso,-1
aéreo,-1
afabilidade,1
afamado,1
afanado,-1
afasia,-1
afásico,-1
afável,1
afectado,-1
afectividade,1
afectivo,1
afecto,1
afectuoso,1
afeiçoado,1
afeminado,-1
afetado,-1
afetividade,1
afetivo,1
afeto,1
afetuoso,1
afiado,-1
afinado,1
afirmativo,1
aflição,-1
afligido,-1
afligir-se,-1
aflitivo,-1
aflito,-1
afobado,-1
afogado,-1
afogar as mágoas,-1
afogar-se em pouca água,-1
afogar-se,-1
afoiteza,1
afoito,1
afortunado,1
afrontado,-1
afrontar,1
afrontoso,-1
afugentar,1
afundado,-1
afundanço,-1
afundar-se,-1
afundar,1
agachado,-1
agarotado,-1
agarrado,-1
agarrar a oportunidade com unhas e dentes,1
agarrar a oportunidade,1
agarrar o touro pelos cornos,1
agarrar-se ao poder,-1
agastadiço,-1
agastado,-1
agastar-se,-1
ágil,1
agilidade,1
agiota,-1
agir de boa-fé,1
agir de má-fé,-1
agoirento,-1
agonia,-1
agoniado,-1
agoniante,-1
agoniar,-1
agonizante,-1
agoureiro,-1
agourento,-1
agradado,1
agradar,1
agradável,1
agrado,1
agravado,-1
agravar,-1
agre,-1
agredir,-1
agressividade ,-1
agressivo,-1
agressor,-1
agreste,-1
agrilhoado,-1
agrosseirado,-1
aguado,-1
aguçado,-1
aguentar-se bem,1
aguentar-se,1
airoso,1
ajudado,1
ajuizado,1
alapado,-1
alarmante,-1
alarmismo,-1
alarmista,-1
alarve,-1
alarvice,-1
albino,-1
alcoólatra,-1
alcoólico,-1
alcoolismo,-1
alcoolizado,-1
aldrabão,-1
alegado,-1
alegrar-se,1
alegre,1
alegria,1
aleijado,-1
aleivoso,-1
alentado,1
alentador,1
alento,1
algemado,-1
alheado,-1
alhear-se,-1
alheio,-1
alicerçado,1
aliciado,-1
aliciar,-1
alienação mental,-1
alienado,-1
alienígena,-1
alinhado,1
almo,1
alquebrado,-1
altamente,1
altaneiro,-1
altivo,-1
altruísmo,1
altruísta,1
altruístico,1
aluado,-1
alucinação,-1
alucinado,-1
alucinar,-1
alumbrado,-1
alumiado,1
alvoraçado,-1
amabilidade,1
amachucado,-1
amachucar,1
amado,1
amadorismo,-1
amadurecer,1
amadurecido,1
amaldiçoado,-1
amalucado,-1
amaneirado,-1
amarelado,-1
amarelo,-1
amargado,-1
amargo,-1
amargura,-1
amargurado,-1
amaricado,-1
amarrado,-1
amassado,-1
amável,1
ambiguidade,-1
ambíguo,-1
ambiopia,-1
ambliopia,-1
ameaça,-1
ameaçador,-1
ameaçante,-1
amedrontado,-1
amedrontador,-1
amedrontar,1
ameno,1
americanófobo,-1
amestrado,1
amigalhaço,1
amigalhão,1
amigável,1
amigo da onça,-1
amigo da pinga,-1
amigo dos copos,-1
amigo,1
amistoso,1
amnésia,-1
amnésico,-1
amolecer,-1
amoral,-1
amoralidade,-1
amoralista,-1
amorável,1
amorfia,-1
amorfo,-1
amorosidade,1
amoroso,1
amortecido,-1
amotinado,-1
amputado,-1
amuado,-1
amuamento,-1
amuar,-1
amuo,-1
anacrónico,-1
anacrônico,-1
anafado,-1
analfabeto,-1
anão,-1
anárquico,-1
anarquista,-1
andante,-1
andar a apanhar bonés,-1
andar à deriva,-1
andar a dormir à sombra da bananeira,-1
andar a dormir,-1
andar a falar sozinho,-1
andar à nora,-1
andar a pensar na morte da bezerra,-1
andar a reboque de,-1
andar à sombra da bananeira,-1
andar ao deus dará,-1
andar aos bonés,-1
andar aos caídos,-1
andar aos papéis,-1
andar armado em carapau de corrida,-1
andar às aranhas,-1
andar às cavalitas de,-1
andar às cegas,-1
andar às turras com,-1
andar com a cabeça na lua,-1
andar com cara de caso,-1
andar com dor de corno,-1
andar com dor de cotovelo,-1
andar com macacos na cabeça,-1
andar com macacos no sótão,-1
andar com macaquinhos na cabeça,-1
andar com macaquinhos no sótão,-1
andar com o coração nas mãos,-1
andar com os azeites,-1
andar de olhos vendados,-1
andar de trombas,-1
andar em pele e osso,-1
andar feito barata tonta,-1
andar feito com,-1
andar na boa vida,-1
andar na lua,-1
andar na má vida,-1
andar nas sete quintas,1
andar pelos cabelos,-1
andrajoso,-1
anedótico,-1
anémico,-1
anêmico,-1
anestesiado,-1
anestesiar,1
angelical,1
angélico,1
anglófobo,-1
angustiado,-1
angustiante,-1
animação,1
animado,1
animador,1
animal político,1
animal,-1
animar,1
animosidade,-1
animoso,1
aniquilado,-1
aniquilar,1
anjinho,-1
anómalo,-1
anoréctico,-1
anorético,-1
anorexia nervosa,-1
anorexia,-1
anormal,-1
anormalidade,-1
anotia,-1
ansioso,-1
anti-republicano,-1
antidemocrata,-1
antidesportista,-1
antidesportivismo,-1
antidogmático,1
antifascista,1
antiliberal,-1
antiliberalista,-1
antinatural,-1
antinazista,1
antinómico,-1
antipatia,-1
antipático,-1
antipatriota,-1
antipatriotismo,-1
antipolítico,-1
antiquado,-1
antisocial,-1
antropófago,-1
anular,1
apagado,-1
apagar-se,-1
apagar,1
apaixonante,1
apaixonar,1
apalermado,-1
apalhaçado,-1
apancado,-1
apanhado,-1
apanhar nas orelhas,-1
apanhar por tabela,-1
apaparicar,-1
aparolado,-1
apartado,-1
aparvalhado,-1
apatetado,-1
apatia,-1
apático,-1
apatriota,-1
apavorado,-1
apavorante,-1
apavorar-se,-1
apavorar,1
apaziguador,1
apaziguar,1
apeado,-1
apedantado,-1
apedrejado,-1
apedrejar,-1
apelativo,1
aperaltado,-1
aperreado,-1
apessoado,1
aplicado,1
aplicar golpes baixos a,-1
apócrifo,-1
apolíneo,1
apopléctico,-1
apoplético,-1
apoquentado,-1
apoquentador,-1
apostado,1
apóstata,-1
aprazível,1
apreciado,1
apreciador,1
apreciável,1
apreendido,-1
apreensivo,-1
apresentar alternativas,1
apresentar resultados,1
apresentável,1
aprimorado,1
apriorista,-1
aprisionado,-1
aprontar,-1
apropriado,1
apropriar-se,-1
aprovado,1
aproveitador,-1
aproveitar-se,-1
aprumado,1
aprumo,1
apto,1
apunhalado,-1
apunhalar pelas costas,-1
apunhalar,-1
apurado,1
aquietador,-1
arbitrário,-1
arcaico,-1
ardente,1
ardil,-1
ardiloso,-1
árduo,-1
arfante,-1
árido,-1
arisco,-1
armar barraca,-1
armar-se aos cágados,-1
armar-se aos cucos,-1
armar-se em carapau de corrida,-1
armar-se em chico esperto,-1
armar-se em parvo,-1
armar-se,-1
arnaz,1
arquejante,-1
arranhado,-1
arranjar lenha para se queimar,-1
arranjar sarna para se coçar,-1
arranjar um bico de obra,-1
arrasado,-1
arrasar,1
arrastadeiro,-1
arrastado,-1
arrebatar,1
arrebentado,-1
arrebitado,-1
arredado,-1
arredio,-1
arreliado,-1
arreliador,-1
arreliar,1
arrenegado,-1
arrepender-se,-1
arrepiante,-1
arrepio,-1
arretado,1
arrevesado,-1
arrivista,-1
arrogância,-1
arrogante,-1
arrojado,1
arrolado,-1
arruaceiro,-1
arrufado,-1
arrufo,-1
arruinado,-1
arruinamento,-1
arruinar-se,-1
arruinar,-1
arrumar a um canto,1
arrumar as botas,-1
arrumar,1
arteirice,-1
arteiro,-1
arteriosclerose,-1
arteriosclerótico,-1
artificial,-1
artificialidade,-1
artifício,-1
artificiosidade,-1
artificioso,-1
artimanha,-1
artístico,1
artritismo,-1
aselha,-1
aselhice,-1
asfixiante,-1
asfixiar,1
asilado,-1
asneira,-1
asneirento,-1
asno,-1
aspereza,-1
áspero,-1
asquerosidade,-1
asqueroso,-1
assalariado,-1
assaloiado,-1
assaltante,-1
assaltar,-1
assanhadiço,-1
assanhado,-1
assarapantado,-1
assassinar,-1
assassino,-1
asseado,1
assediado,-1
assediador,-1
assediar,-1
assédio sexual,-1
assédio,-1
asseio,1
assertivo,1
assiduidade,1
assíduo,1
assimétrico,-1
assinalado,1
assinalável,1
assisado,1
assoberbado,-1
assolado,-1
assolador,-1
assomadiço,-1
assombrado,-1
assombrar,1
assustadiço,-1
assustado,-1
assustador,-1
assustar-se,-1
astenia,-1
asténico,-1
astúcia,-1
astucioso,-1
astuto,-1
atabalhoação,-1
atabalhoado,-1
atabalhoamento,-1
atacante,-1
atacar,1
atado,-1
atafulhado,-1
atamancado,-1
atarantação,-1
atarantado,-1
atarantar-se,-1
atarantar,1
atarracado,-1
ateado,-1
atemorizado,-1
atemorizar,1
atencioso,1
atento,1
aterrado,-1
aterrador,-1
aterrorizado,-1
aterrorizador,-1
aterrorizar,1
atilado,1
atinado,1
atirar areia para os olhos de,-1
atirar barro à parede,-1
atirar com as culpas a,-1
atirar poeira aos olhos de,-1
ativo,1
atleta,1
atlético,1
atoleimado,-1
atónito,-1
atônito,-1
atordoado,-1
atordoador,-1
atordoar,1
atormentado,-1
atormentador,-1
atormentar,1
atracado,-1
atractivo,1
atraente,1
atraiçoado,-1
atrair,1
atrapalhado,-1
atrapalhar-se,-1
atrapalhar,1
atrasado mental,-1
atrasado,-1
atraso mental,-1
atraso,-1
atrativo,1
atravessadiço,-1
atravessado,-1
atribulado,-1
atroador,-1
atrocidade,-1
atrofia,-1
atrofiado,-1
atrofiante,-1
atrofiar-se,-1
atrofiar,-1
atropelado,-1
atropelar,-1
atroz,-1
atulhado,-1
aturdido,-1
aturdir,1
áureo,1
auspicioso,1
austero,-1
autenticidade,1
autêntico,1
autismo,-1
autista,-1
autoconfiança,1
autoconfiante,1
autodestruição,-1
autodestrutivo,-1
autodidacta,1
autodidata,1
autonomia,1
autonomista,1
autónomo,1
autoritário,-1
autoritarismo,-1
autorizado,1
autosuficiência,1
autosuficiente,1
avançado,1
avarento,-1
avareza,-1
avariado,-1
avariar,-1
avaro,-1
avassalador,-1
avassalamento,-1
avassalante,-1
avassalar,1
averso,-1
avesso,-1
ávido,-1
aviltado,-1
aviltador,-1
aviltante,-1
avinagrado,-1
avinhado,-1
avisado,1
avulso,-1
azafamado,-1
azambrado,-1
azar,-1
azarado,-1
azarento,-1
azedar,-1
azedo,-1
azedume,-1
azeiteiro,-1
azelha,-1
azelhice,-1
azoinante,-1
azougado,-1
babaca,-1
babão,-1
babilónico,-1
baboseira,-1
babosice,-1
baboso,-1
bacano,1
baço para espelho,-1
bacoco,-1
bacoquice,-1
badalhoco,-1
badalhoquice,-1
bagaceiro,-1
bagunceiro,-1
baixeza,-1
baixote,-1
bajulador,-1
bajular,-1
balbuciante,-1
balofice,-1
balofo,-1
bambo,-1
banal,-1
banalidade,-1
banalizar,-1
banana,-1
bancarrota,-1
bandido,-1
banditismo,-1
banido,-1
banir,1
banzado,-1
baralhado,-1
baralhar-se,-1
barato,-1
barbaridade,-1
bárbaro,-1
barrado,-1
barraqueiro,-1
barrigana,-1
barrigudo,-1
barroco,-1
barulhento,-1
baselga,-1
básico,-1
bastardo,-1
batalhador,1
batalhante,1
batalhar,1
batatudo,-1
bater a bota,-1
bater as botas,-1
bater com o nariz na porta,-1
bater no ceguinho,-1
bater no fundo,-1
bater,1
batido,-1
batota,-1
batoteiro,-1
batotice,-1
bazófia,-1
bazófio,-1
beatice,-1
beato,-1
bêbado,-1
bebedeira,-1
bêbedo,-1
bebedor,-1
beberrão,-1
bebido,-1
bebum,-1
beiçudo,-1
beleza,1
belfo,-1
belicismo,-1
belicista,-1
bélico,-1
belicoso,-1
belo,1
bem disposto,1
bem mandado,-1
bem vestido,1
bem-amado,1
bem-apessoado,1
bem-aventurado,1
bem-colocado,1
bem-comportado,1
bem-criado,1
bem-educado,1
bem-encarado,1
bem-falante,1
bem-formado,1
bem-humorado,1
bem-intencionado,1
bem-parecido,1
bem-pensante,1
bem-posto,1
bem-sucedido,1
bem-vindo,1
bendito,1
benéfico,1
benemerência,1
benemérito,1
benevolência,1
benevolente,1
benévolo,1
benêvolo,1
benfazejo,1
benfeitor,1
benfeitoria,1
benignidade,1
benigno,1
benquisto,1
bera,-1
besta,-1
bestialidade,1
bestificado,-1
bexiguento,-1
bibliomania,-1
bilioso,-1
biltre,-1
bimbo,-1
biqueiro,-1
bira,-1
birra,-1
birrento,-1
biruta,-1
bisbilhotar,-1
bisbilhoteiro,-1
bisbilhotice,-1
bisonho,-1
bizarria,-1
bizarro,-1
blasfemador,-1
blasfémia,-1
blasfemo,-1
bloqueado,-1
bloquear,-1
boa apresentação,1
boa criação,1
boa disposição,1
boa educação,1
boa formação,1
boa parecença,1
boa performance,1
boas intenções,1
boateiro,-1
bobo,-1
boboca,-1
boçal,-1
bocejar,-1
bochechudo,-1
bocó,-1
boêmio,-1
boémio,-1
bojudo,-1
bolachudo,-1
bolorento,-1
bom aluno,1
bom cheiro,1
bom comportamento,1
bom desempenho,1
bom humor,1
bom-samaritano,1
bom,1
bombardear,1
bombeado,-1
bondade,1
bondoso,1
boniteza,1
bonito,1
borbulhento,-1
borguista,-1
borrachudo,-1
borrado,-1
boto,-1
botocudo,-1
braceiro,1
bravateador,-1
bravura,1
brega,-1
brejeirice,-1
brejeiro,-1
brejeirote,-1
briga,-1
brigador,-1
brigante,-1
brigão,-1
briguento,-1
brilhante,1
brilhar,1
brilharete,-1
brilho,1
brincar,-1
brio,1
briosidade,1
brioso,1
bronco,-1
bronquice,-1
bruno,-1
brusco,-1
brutal,-1
brutalidade,-1
brutidão,-1
bruto,-1
bruxaria,-1
bucha,-1
bufismo,-1
bufo,-1
bulhão,-1
bulhento,-1
bulício,-1
buliçoso,-1
burguês,-1
burla,-1
burlado,-1
burlador,-1
burlão,-1
burlesco,-1
burlista,-1
burrice,-1
burro,-1
cabazada,-1
cabeça dura,-1
cabeçudo,-1
cabisbaixo,-1
caboclo,-1
cabotino,-1
cabrão,-1
cábula,-1
caçado,-1
cacete,-1
caceteiro,-1
cachaceiro,-1
cadastrado,-1
cadavérico,-1
cadaveroso,-1
cadente,-1
caduco,-1
cafona,-1
cagão,-1
cagar-se,-1
cagarola,-1
cagativo,-1
caguinchas,-1
caído,-1
caipira,-1
cair na armadilha,-1
cair na boca do lobo,-1
cair na ratoeira,-1
cair por terra,-1
cair,-1
calaceiro,-1
calão,-1
calar a boca,-1
calar o bico,-1
calar-se,-1
calar,1
calcado,-1
calculismo,-1
calculista,-1
calhandreiro,-1
calhandrice,-1
calhorda,-1
calino,-1
calipígio,1
calma,1
calmante,1
calmo,1
caloroso,1
caloteirismo,-1
caloteiro,-1
calotismo,-1
calúnia,-1
caluniado,-1
caluniador,-1
caluniar,-1
cambada,-1
cambaleante,-1
cambalear,-1
camelo,-1
campónio,-1
canalha,-1
canalhice,-1
canceroso,-1
cancro,-1
candongueiro,-1
candonguice,-1
cangalheiro,-1
canhestro,-1
canibal,-1
canino,-1
cansado,-1
cansativo,-1
cantar bem mas não me alegra,-1
cantar de galo,-1
cantar vitória antes do tempo,-1
caótico,-1
capacitado,1
capaz,1
capcioso,-1
capenga,-1
capitoso,-1
capricho,-1
caprichoso,-1
captar eleitorado,1
caquéctico,-1
caquético,-1
caquexia,-1
cara de cu,-1
cara de pau,-1
caralho,-1
carapaça,-1
carbonizado,-1
carcomido,-1
carecer,-1
carecido,-1
careiro,-1
carência,-1
carenciado,-1
carente,-1
caricato,-1
caricioso,1
caridoso,1
carinho,1
carinhoso,1
carisma,1
carismático,1
caritativo,1
carnavalesco,-1
carniceiro,-1
carola,1
carrancudo,-1
casmurrice,-1
casmurro,-1
casquilho,-1
cassete,-1
castiço,1
castigado,-1
castigador,-1
castigar,1
casto,1
castração,-1
castrador,-1
castrar,1
catalepsia,-1
catano,-1
cataplexia,-1
catarro,-1
catastrófico,-1
catatonia,-1
categórico,1
catinguento,-1
cativante,1
cativar,1
cativo,-1
caturra,-1
caturrice,-1
causador,-1
causticação,-1
causticante,-1
causticidade,-1
cáustico,-1
cauteloso,1
cauto,1
cavalheiresco,1
cavalheirismo,1
cavalheiro,1
cavernícola,-1
cavernoso,-1
caviloso,-1
ceder,-1
cego,-1
cegueira,-1
cegueta,-1
célebre,1
celerado,-1
celestial,1
censurado,-1
cepo,-1
cercado,-1
certeiro,1
certificado,1
certo nas contas,1
certo,1
chalaceiro,-1
chalado,-1
chamar os bois pelos nomes,1
chamativo,1
chamuscado,-1
chanfrado,-1
chantagista,-1
charlatanice,-1
charlatão,-1
charme,1
charmoso,1
chateado,-1
chatice,-1
chato,-1
chauvinismo,-1
chauvinista,-1
chavão,-1
cheio de nove horas,-1
cheirar a mofo,-1
cheiroso,1
chibante,-1
chicaneiro,-1
chico esperto,-1
chicoteador,-1
chifrudo,-1
chinesada,-1
chinesice,-1
chinfrim,-1
chinfrineiro,-1
chique,1
chocalheiro,-1
chocar,-1
chocarreiro,-1
chochice,-1
chocho,-1
choco,-1
choné,-1
choramingão,-1
choramingar,-1
choramingas,-1
chorão,-1
chorar sobre o leite derramado,-1
chorar,-1
choroso,-1
chulo,-1
chumbado,-1
chumbar,-1
chunga,-1
chupado,-1
chupador,-1
chupismo,-1
chupista,-1
ciente,1
cigano,-1
cilindrado,-1
cilíndrico,-1
cínico,-1
cioso,-1
circunspecto,1
cisma,-1
cismado,-1
cismático,-1
ciúme,-1
ciumento,-1
cívico,1
civilizado,1
clamoroso,-1
clandestino,-1
clarificador,1
clarividência,1
clarividente,1
claudicante,-1
claustrofobia,-1
clemência,1
clemente,1
cleptomania,-1
cleptomaníaco,-1
cleptómano,-1
coagido,-1
coagir,-1
coartado,-1
cobarde,-1
cobardia,-1
cobardola,-1
cobiça,-1
cobiçoso,-1
cocainomania,-1
cocainómano,-1
coercivo,-1
coerência,1
coerente,1
coeso,1
cogitabundo,-1
cogitação,-1
cogitativo,-1
coio,-1
coitado,-1
colaboracionista,-1
colapso,-1
cólera,-1
colérico,-1
colocar o dedo na ferida,1
comandita,-1
combalido,-1
combalimento,-1
combater o desemprego,1
comédia,-1
comedido,1
comedor,-1
comer gato por lebre,-1
comer o pão que o diabo amassou,-1
comichento,-1
comichoso,-1
comilão,-1
comodismo,-1
comodista,-1
compactuar,-1
comparsa,-1
compassivo,1
compelido,-1
compelir,-1
competência,1
competente,1
compincha,1
complacência,1
complacente,1
complexado,-1
complicado,-1
complicar a vida a,1
composto,1
comprado,-1
comprar gato por lebre,-1
compreensão,1
compreensível,1
compreensivo,1
comprometedor,-1
compulsivo,-1
compungido,-1
comuna,-1
comunicativo,1
conceituado,1
conceituoso,-1
concertado,1
conciliador,1
conciso,1
concordante,1
concreto,1
condenado,-1
condenável,-1
condescendência,-1
condoído,-1
condoreiro,-1
confiança,1
confiante,1
confiável,1
conflituosidade,-1
conflituoso,-1
conformado,-1
conformar-se,-1
conformista,-1
confortador,1
confortante,1
confrangedor,-1
confranger-se,-1
confrontar,1
confundido,-1
confundir alhos com bugalhos,-1
confundir-se,-1
confusão,-1
confuso,-1
congelado,-1
congestão,-1
congestionado,-1
congruência,1
congruente,1
conhecedor,1
conivente,-1
conluiado,-1
conquistar terreno a,1
conquistar,1
consagrado,1
consciência,1
consciencioso,1
consciente,1
cônscio,1
conseguir um grande feito,1
consentâneo,1
consequente,1
consertado,1
conservado,1
considerativo,1
consistente,1
conspicuidade,1
conspícuo,1
conspiração,-1
conspirador,-1
conspirativo,-1
conspurcar,-1
constante,1
consternação,-1
consternado,-1
consternador,-1
consternar,-1
constipado,-1
constrangedor,-1
constranger,-1
constrangido,-1
constrangimento,-1
construtivo,1
consumado,1
consumido,-1
consumir-se,-1
consumista,-1
contagiado,-1
contagioso,-1
contaminar,-1
contendedor,-1
contendente,-1
contentar-se com pouco,-1
contente,1
contestado,-1
contido,-1
contingente,-1
contorcer-se,-1
contracto,-1
contradizer-se,-1
contraído,-1
contrair-se,-1
contranaturo,-1
contrapor,1
contrariado,-1
contrariar,1
contristação,-1
contristado,-1
contrito,-1
controlado,1
controlador,-1
controlar,1
controvérsia,-1
controverso,-1
controvertido,-1
contumaz,-1
contundência,-1
contundente,-1
contundido,-1
contuso,-1
conversa fiada,1
convicção,1
convidativo,1
convincente,1
convivente,1
convulsivo,-1
cooperador,1
cooperante,1
coquete,-1
coragem,1
corajoso,1
corcovado,-1
corcunda,-1
cordato,1
cordial,1
cordialidade,1
cornudo,-1
cornuto,-1
correção,1
correcção,1
correcto,1
correr a toque de caixa,-1
correto,1
corrido,-1
corrigir,1
corriqueiro,-1
corroer-se,-1
corroer,-1
corromper,-1
corrompido,-1
corrosivo,-1
corrupção,-1
corruptível,-1
corruptivo,-1
corrupto,-1
corruptor,-1
cortado,-1
cortar na casaca de,-1
cortar o pio a,1
cortês,1
cortesão,1
cortesia,1
coscuvilheiro,-1
cosmopolita,1
cosmopolítico,1
cotado,1
covarde,-1
covardia,-1
coveiro,-1
coxo,-1
crápula,-1
crapuloso,-1
craque,1
crasso,-1
credibilidade,1
credível,1
crescido,1
cretinice,-1
cretinismo,-1
cretino,-1
cretinóide,-1
criancice,-1
criatividade,1
criativo,1
criminalidade,-1
criminoso,-1
crisólogo,1
crisóstomo,1
crispação,-1
crispado,-1
crispar-se,-1
crispar,1
cristalino,1
criterioso,1
criticável,-1
crivado,-1
crível,1
cromo,-1
cru,-1
crucificador,-1
crucificar,1
cruel,-1
crueldade ,-1
crueza,-1
cruzar os braços,-1
cuidado,1
cuidadoso,1
culpa,-1
culpado,-1
culpas,-1
culposo,-1
cultivado,1
culto,1
cultura democrática,1
cumpridor,1
curado,1
curial,1
curtido,1
curto de vistas,-1
curvado,-1
curvar-se,-1
curvilíneo,-1
curvo,-1
cuspido,-1
dadivoso,1
daltónico,-1
danado,-1
danificado,-1
danoso,-1
dar à língua,-1
dar à sola,-1
dar à soleta,-1
dar a volta ao miolo,-1
dar alegrias a,1
dar ao pé,-1
dar bandeira,-1
dar barraca,-1
dar cabo da vida a,-1
dar cabo de,1
dar com a boca no trombone,-1
dar com a língua nos dentes,-1
dar com os burros na água,-1
dar com os pés a,-1
dar conta do recado,1
dar de frosques,-1
dar graxa a,-1
dar no duro,1
dar o corpo ao manifesto,-1
dar o dito por não dito,-1
dar o golpe a,-1
dar o golpe do baú,-1
dar o litro,1
dar o primeiro passo,1
dar palmadinhas nas costas a,-1
dar pontapés na gramática,-1
dar tiros nos pés,-1
dar um baile a,1
dar um banho a,1
dar um banho de cultura a,1
dar um pontapé no cu a,-1
dar um show de bola,1
dar um tiro no pé,-1
dar uma banhada a,1
dar uma coça a,1
dar uma lição a,1
dar uma lição de moral a,1
dar uma malha a,1
dar uma mãozinha a,1
dar uma no cravo e outra na ferradura,-1
dar uma surra a,1
dar voltas no caixão,-1
dávida,1
deambulação,-1
deambulante,-1
deambular,-1
debandado,-1
débil,-1
debilidade,-1
debilitação,-1
debilitado,-1
debilitar,1
debochado,-1
deboche,-1
decadência,-1
decadente,-1
decadentista,-1
decaído,-1
decapitar,1
decência,1
decente,1
decepado,-1
decepar,1
decepção,-1
decepcionado,-1
decepcionante,-1
decepcionar,-1
decidido,1
decoro,1
decoroso,1
decrepidez,-1
decrépito,-1
dedicação,1
dedicado,1
defeituoso,-1
defensiva,-1
defensor,1
deferente,1
deferido,1
defesso,-1
deficiente,-1
definhado,-1
definhamento,-1
deformação,-1
deformado,-1
defraudar as expectativas de,-1
defraudar,-1
defunto,-1
degenerado,-1
degradado,-1
degradante,-1
degredado,-1
degredo,-1
deicida,-1
deitar achas na fogueira,-1
deitar água na fervura,1
deitar as unhas a,-1
deitar foguetes antes da festa,-1
deitar lenha na fogueira,-1
deitar poeira aos olhos a,-1
deitar poeira para os olhos de,-1
deitar tudo a perder,-1
deitar tudo para trás das costas,-1
deitar tudo por água abaixo,-1
deixar com as calças na mão,-1
deixar com as mãos a abanar,-1
deixar de rastos,-1
deixar muito a desejar,-1
deixar o barco à deriva,-1
deixar o país de tanga,-1
deixar tudo para depois,-1
deixar-se levar,-1
delambido,-1
deleitoso,1
deletério,-1
delicadeza,1
delicado,1
delicioso,1
delinquência,-1
delinquente,-1
delirar,-1
delituoso,-1
demagogia,-1
demagógico,-1
demagogo,-1
demarcado,-1
demência,-1
demente,-1
demérito,-1
demitido,-1
democracia,1
democraticidade,1
democrático,1
démodé,-1
demolidor,-1
demoníaco,-1
demorado,-1
denegrido,-1
denegrir a sua imagem,-1
dengoso,-1
denodado,1
depauperado,-1
depenado,-1
dependurado,-1
deploração,-1
deplorável,-1
deportado,-1
deposto,-1
depravação,-1
depravado,-1
depravador,-1
depreciado,-1
depreciar,-1
depreciativo,-1
depressão maníaca,-1
depressão,-1
depressivo,-1
depressor,-1
deprimência,-1
deprimente,-1
deprimido,-1
derramado,-1
derreado,-1
derreamento,-1
derrear,1
derreter,1
derrota,-1
derrotado,-1
derrotar,1
derrotismo,-1
derrotista,-1
derrubado,-1
derrubar,1
desabonado,-1
desabrido,-1
desabrigado,-1
desabusado,-1
desacompanhado,-1
desacordado,-1
desacreditado,-1
desacreditar,1
desactualizado,-1
desadaptado,-1
desafectado,1
desafecto,-1
desafetado,1
desafeto,-1
desafinação,-1
desafinado,-1
desafogado,1
desaforado,-1
desaforido,-1
desafortunado,-1
desagradado,-1
desagradável,-1
desagradecido,-1
desagrado,-1
desaire,-1
desairoso,-1
desajeitado,-1
desajustado,-1
desalentado,-1
desalento,-1
desalinhado,-1
desalinhamento,-1
desalmado,-1
desalojado,-1
desamparado,-1
desamparo,-1
desancar,1
desanimação,-1
desanimado,-1
desanimador,-1
desânimo,-1
desapaixonado,-1
desaparafusado,-1
desaparecer do mapa,-1
desaparecido,-1
desapegado,-1
desapiedado,-1
desapontado,-1
desapontador,-1
desapossado,-1
desapropriado,-1
desaprovador,-1
desaproveitado,-1
desarmante,1
desarmar,1
desarranjado,-1
desarrazoado,-1
desarrumado,-1
desarticulado,-1
desassisado,-1
desassossegado,-1
desassossego,-1
desastrado,-1
desastre,-1
desastroso,-1
desatento,-1
desatinado,-1
desatualizado,-1
desaustinado,-1
desavergonhado,-1
desavisado,-1
desbaratado,-1
desbaratador,-1
desbocado,-1
desbocamento,-1
desbotado,-1
desbragado,-1
descabelado,-1
descabelar-se,-1
descabelar,1
descabido,-1
descadeirado,-1
descalabro,-1
descalço,-1
descamisado,-1
descarado,-1
descaramento,-1
descarnado,-1
descascado,-1
descautelado,-1
descer ao mais baixo nível,-1
descer nas sondagens,-1
descerimonioso,1
descerrado,-1
desclassificado,-1
descomedido,-1
descomedimento,-1
descomplexado,1
desconcentração,-1
desconcentrado,-1
desconcertado,-1
desconexo,-1
desconfiado,-1
desconfortável,-1
desconhecedor,-1
desconsideração,-1
desconsolação,-1
desconsolado,-1
descontentamento,-1
descontente,-1
descontraído,1
descontrolado,-1
descontrolo,-1
descoordenação,-1
descoordenado,-1
descorado,-1
descoroçoado,-1
descortês,-1
descortesia,-1
descuidado,-1
descuido,-1
desdém,-1
desdenhar,-1
desdenhoso,-1
desdentado,-1
desdito,-1
desditoso,-1
desejável,1
deselegância,-1
deselegante,-1
desembaraçado,1
desemparelhado,-1
desempenado,1
desempregado,-1
desemprego,-1
desencalhe ,-1
desencaminhado,-1
desencaminhador,-1
desencaminhamento,-1
desencontrado,-1
desengonçado,-1
desengraçado,-1
desenrascado,1
desenvencilhado,1
desenvolto,1
desenvoltura,1
desenxabidez,-1
desenxabido,-1
desequilibrado,-1
desequilíbrio,-1
desertar,-1
desertor,-1
desesperado,-1
desesperança,-1
desesperançado,-1
desespero,-1
desestabilizador,-1
desfalcar,-1
desfalecido,-1
desfasado,-1
desfavorecido,-1
desfeito,-1
desfigurado,-1
desforrar-se,1
desfrutado,1
desgarrado,-1
desgastado,-1
desgaste,-1
desgosto,-1
desgostoso,-1
desgovernação,-1
desgovernado,-1
desgoverno,-1
desgraça,-1
desgraçado,-1
desgracioso,-1
desgrenhado,-1
desidratação,-1
desiludido,-1
desinfeliz,-1
desinformação,-1
desinformado,-1
desinibido,1
desinstruído,-1
desinteressado,-1
desinteressante,-1
desinteresse,-1
desistir,-1
deslambido,-1
deslavado,-1
desleal,-1
deslealdade,-1
desleixado,-1
desleixar-se,-1
desleixo ,-1
desligado,-1
deslocado,-1
deslumbrante,1
deslumbrar,1
desmaiado,-1
desmanchado,-1
desmantelado,-1
desmascarar,1
desmazelado,-1
desmazelamento,-1
desmazelo,-1
desmedido,-1
desmemoriado,-1
desmentido,-1
desmesurado,-1
desmiolado,-1
desmontado,-1
desmoralização,-1
desmoralizado,-1
desmoralizador,-1
desmoronar-se,-1
desmotivação,-1
desmotivado,-1
desmotivador,-1
desnaturado,-1
desnorteado,-1
desnorteamento,-1
desnutrição,-1
desobediência,-1
desobediente,-1
desocupado,-1
desolação,-1
desolado,-1
desolador,-1
desolhado,-1
desonestidade,-1
desonesto,-1
desonra,-1
desonrado,-1
desonrar,-1
desonroso,-1
desordeiro,-1
desordem,-1
desordenado,-1
desorganização,-1
desorganizado,-1
desorientação,-1
desorientado,-1
despachado,1
despassarado,-1
despeitado,-1
despeitar,-1
despeito,-1
despeitorado,-1
despejado,-1
despenteado,-1
despercebido,-1
desperdiçado,-1
desperdiçador,-1
desperto,1
despesista,-1
despirocado,-1
despistado,-1
desplante,-1
despótico,-1
despregado,-1
despreocupação,-1
despretensioso,1
desprevenção,-1
desprevenido,-1
desprezado,-1
desprezável,-1
desprezível,-1
desprezo,-1
desprimoroso,-1
desproporcionado,-1
despropositado,-1
despropósito,-1
desprotegido,-1
despudor,-1
despudorado,-1
desqualificado,-1
desregrado,-1
desregulado,-1
desremediado,-1
desrespeitado,-1
desrespeitador,-1
desrespeitar,-1
desrespeito,-1
desrespeitoso,-1
destabilizador,-1
destampado,-1
destapado,-1
destemido,1
destemperado,-1
desterrado,-1
destoante,-1
destrambelhado,-1
destrambelhamento,-1
destratado,-1
destravado,-1
destroçado,-1
destroço,-1
destronar,1
destruição,-1
destruído,-1
destruidor,-1
destruir,1
destrutivo,-1
destrutor,-1
desumanidade,-1
desumano,-1
desunido,-1
desusado,-1
desvairado,-1
desvairamento,-1
desvalido,-1
desvanecer,-1
desvantagem,-1
desvariado,-1
desvario,-1
desvelado,1
desvelo,1
desventurado,-1
desventuroso,-1
desviar dinheiro,-1
desvirtuado,-1
desvitalizado,-1
detalhado,1
deteriorado,-1
deteriorar,-1
determinação,1
determinado,1
detestado,-1
detestável,-1
detido,-1
detrator,-1
deturpado,-1
deturpar,-1
devaneador,-1
devassado,-1
devassidão,-1
devasso,-1
devastado,-1
devastador,-1
devastar,1
dever comer farinha maizena,-1
dever dobrar a língua,-1
dever ter vergonha na cara,-1
devoto de baco,-1
diabólico,-1
diabolismo,-1
diáfano,1
dialogante,1
difamação,-1
difamado,-1
difamador,-1
difamar,-1
difamatório,-1
difícil,-1
dificultar a vida a,1
dificultar,1
difuso,-1
dignidade,1
dignificar,1
digno de confiança,1
digno,1
digressionista,-1
digressivo,-1
dilacerado,-1
dilacerar,1
diligência,1
diligente,1
diminuído,-1
diminuir,1
dinâmico,1
dinamismo,1
dinamizador,1
diplomacia,1
diplomático,1
directo,1
direito de contas,1
direito,1
direto,1
disciplina,1
disciplinado,1
díscolo,-1
discreto,1
discrição,1
discriminação,-1
discriminado,-1
discriminador,-1
discriminar,-1
disfarçado,-1
disfonia,-1
disforme,-1
disformidade,-1
dislexia,-1
disléxico,-1
disparatado,-1
disparatar,-1
disparate,-1
dispensável,-1
dispersivo,-1
disperso,-1
displicência,-1
displicente,-1
dissidente,-1
dissimulação,-1
dissimulado,-1
dissimular,-1
dissipado,-1
dissipador,-1
dissoluto,-1
dissolvido,-1
distante,-1
distinto,1
distorcer,-1
distorcido,-1
distraído,-1
ditador,-1
ditoso,1
divagação,-1
divagador,-1
divagante,-1
divagar,-1
divertido,1
divertimento,1
divinal,1
divino,1
dizer a verdade,1
dizer algumas verdades a,1
dizer cobras e lagartos de,-1
dizer umas quantas verdades a,1
dizimado,-1
dizimar,1
doce,1
dócil,1
docilidade,1
doçura,1
doente,-1
doentio,-1
dogmático,-1
dogmatista,-1
doidivanas,-1
doido de todo,-1
doido varrido,-1
doido,-1
dolente,-1
dolorido,-1
doloso,-1
dominado,-1
dominador,1
dominante,1
dominar,1
donairoso,1
dopado,-1
dopagem,-1
dorido,-1
dormência,-1
dormente,-1
dorminhoco,-1
dormitar,-1
dotado,1
doudo,-1
douto,1
doutrinado,1
draconiano,-1
dramático,-1
dramatismo,-1
dramatizar,-1
drástico,-1
droga,-1
drogado,-1
dromomania,-1
dromomaníaco,-1
dubiedade,-1
dúbio,-1
dubitativo,-1
duficuldades,-1
dúplice,-1
duplicidade,-1
durázio,1
duro da mioleira,-1
duro de ouvido,-1
duro,-1
duvidoso,-1
ecléctico,1
eclético,1
ecológico,1
econômico,1
económico,1
economizador,1
edificante,1
edipiano,-1
educação,1
educado,1
educador,1
educativo,1
efeminado,-1
eficácia,1
eficaz,1
eficiência,1
eficiente,1
efusivo,1
egoísmo,-1
egoísta,-1
egotista,-1
egrégio,1
elástico,1
electrizante,1
elegância,1
elegante,1
elegíaco,-1
eleiçoeiro,-1
eletrizante,1
eliminar,1
elitista,-1
elogio,1
elogioso,1
eloquência,1
eloquente,1
elucidar,1
elucidativo,1
emaciado,-1
emancipado,1
emaranhado,-1
embaçado,-1
embaciado,-1
embaraçado,-1
embaraço ,-1
embaraçoso,-1
embasbacado,-1
embatucado,-1
embirração,-1
embirrante,-1
embirrento,-1
emblemático,1
embotado,-1
embriagado,-1
embrulhado,-1
embruxado,-1
embuçado,-1
embuchado,-1
emburrado,-1
embuste,-1
embusteiro,-1
emérito,1
empáfio,-1
empalidecido,-1
empalmado,-1
empanturrado,-1
empapuçado,-1
empedernido,-1
empedernimento,-1
empenhado,1
empenho,1
emperrado,-1
emperramento,-1
empertigado,-1
empobrecido,-1
empoeirado,-1
empolado,-1
empolgado,1
emporcalhado,-1
empreendedor,1
emproado,-1
emulador,-1
êmulo,-1
enaltecido,1
enamoramento,1
encabulado,-1
encalacração,-1
encalacrado,-1
encalhado,-1
encalhamento,-1
encamado,-1
encaminhado,1
encanado,-1
encantador,1
encantar,1
encanto,1
encarcerado,-1
encarniçado,-1
encavacado,-1
encher as medidas de,1
enciumado,-1
enclausurado,-1
encoberto,-1
encobrir,-1
encolerizado,-1
encolerizar-se,-1
encolerizar,1
encolher os ombros,-1
encolhido,-1
encorajado,1
encorajador,1
encorajamento,1
encostar à parede,1
encostar a um canto,1
encostar às cordas,1
encostar às tábuas,1
encostar-se a,-1
encovado,-1
encruado,-1
encurralado,-1
encurralamento,-1
encurralar,1
encurvado,-1
endemoniado,-1
endemoninhado,-1
endiabrado,-1
endinheirado,1
endireitar-se,1
endividado,-1
endividamento,-1
endividar-se,-1
endividar,-1
endoidecer,-1
endurecido,-1
energia,1
enérgico,1
enervação,-1
enervado,-1
enervamento,-1
enervante,-1
enervar-se,-1
enervar,1
enfadado,-1
enfadamento,-1
enfadar-se,-1
enfadonho,-1
enfardador,-1
enfartado,-1
enfartamento,-1
enfastiado,-1
enfastiamento,-1
enfastiante,-1
enfatuado,-1
enfeitiçado,-1
enfermiço,-1
enfermidade,-1
enfezado,-1
enfezamento,-1
enfiado,-1
enfiar o barrete,-1
enforcar-se,-1
enfraquecer,-1
enfraquecido,-1
enfrascado,-1
enfrentar o touro pelos cornos,1
enfrentar,1
enfronhado,-1
enfunado,-1
enfurecer-se,-1
enfurecer,1
enfurecido,-1
enfurecimento,-1
engaiolado,-1
engaiolamento,-1
engaiolar,1
enganado,-1
enganador,-1
enganar-se,-1
enganar,-1
engano,-1
enganoso,-1
engarrafado,-1
engasgado,-1
engasgamento,-1
engatado,-1
engodado,-1
engolfado,-1
engolido,-1
engolir em seco,-1
engonha,-1
engraçado,1
engrupido,-1
enigmático,-1
enjeitado,-1
enjoado,-1
enjoar,-1
enjoo,-1
enlameado,-1
enleado,-1
enlevado,-1
enlouquecer,-1
enlouquecido,-1
enlouquecimento,-1
enlutado,-1
enobrecer,1
enojado,-1
enojar,-1
enraivecer,1
enraivecido,-1
enraivecimento,-1
enrascada,-1
enrascado,-1
enredado,-1
enregelado,-1
enresinado,-1
enrijecido,-1
enrodilhador,-1
enrolado,-1
enrugado,-1
ensacado,-1
ensangüentado,-1
ensanguentado,-1
ensimesmado,-1
ensimesmamento,-1
ensombrar,1
ensurdecedor,-1
entalado,-1
entalar-se,-1
entalar,1
entaramelado,-1
entediado,-1
entediante,-1
entendido,1
enternecedor,1
enternecido,1
enterrado,-1
enterrar a cabeça na areia,-1
enterrar-se,-1
enterrar,1
entontecido,-1
entontecimento,-1
entornado,-1
entorpecer,-1
entorpecido,-1
entorpecimento,-1
entortado,-1
entregador,-1
entregar a alma ao criador,-1
entregar a alma ao diabo,-1
entregar o ouro ao bandido,-1
entregar-se de corpo e alma,1
entrevação,-1
entrevado,-1
entristecer,-1
entristecido,-1
entristecimento,-1
entubado,-1
entulhado,-1
entumecimento,-1
entusiasmante,1
entusiasmar,1
entusiasmo,1
entusiasta,1
entusiástico,1
envaidecido,-1
envelhecido,-1
envenenador,-1
envenenamento,-1
envenenar,-1
envergonhado,-1
envergonhar-se,-1
envergonhar,-1
enviesado,-1
envinagrado,-1
enxerido,-1
enxofrado,-1
enxoframento,-1
enxotar,1
enxovalhado,-1
enxovalhar,1
enxuto,1
epigramático,-1
epilético,-1
equânime,1
equanimidade,1
equidade,1
equilibrado,1
equilíbrio,1
eqüitativo,1
equitativo,1
equivocado,-1
equivocar-se,-1
equívoco,-1
erguer a cabeça,1
ermo,-1
erotomania,-1
erotomaníaco,-1
errado,-1
errante,-1
errar,-1
errático,-1
erro,-1
erudito,1
esbaforido,-1
esbanjado,-1
esbanjador,-1
esbanjamento,-1
esbanjar dinheiro,-1
esbatido,-1
esbelto,1
esbofetear,1
esborratado,-1
esburacado,-1
escabelado,-1
escabrosidade,-1
escabroso,-1
escaldado,-1
escamado,-1
escamoso,-1
escamotear,-1
escancarado,-1
escandalizar,-1
escândalo,-1
escandaloso,-1
escangalhado,-1
escanifrado,-1
escanzelado,-1
escapadiço,-1
escapo,-1
escarnecedor,-1
escarnecido,-1
escarninho,-1
escárnio,-1
escarrapachado,-1
escavacado,-1
escaveirado,-1
esclarecedor,1
esclarecer,1
esclarecido,1
esclerosado,-1
esclerose,-1
esclerótico,-1
escolarizado,1
esconder a verdade,-1
esconder-se,-1
esconder,-1
escondido,-1
esconso,-1
escoriado,-1
escorraçado,-1
escorregadio,-1
escorregar,-1
escorreito,1
escrachado,-1
escravizado,-1
escrupuloso,1
esculachado,-1
escultural,1
escuro,-1
escusado,-1
escuso,-1
esdrúxulo,-1
esfaimado,-1
esfalfado,-1
esfarrapado,-1
esférico,-1
esfíngico,-1
esfomeado,-1
esforçado,1
esfuziante,1
esgalgado,-1
esganação,-1
esganado,-1
esganar,1
esganiçado,-1
esgazeado,-1
esgazeamento,-1
esgotado,-1
esgotamento,-1
esgotante,-1
esgotar,1
esgrouviado,-1
esguedelhado,-1
esmagado,-1
esmagar,1
esmerado,1
esmerar-se,1
esmero,1
esmilhafrado,-1
esmoler,1
esmorecer,-1
esmorecido,-1
esmorecimento,-1
espalhafato,-1
espalhafatoso,-1
espalhanço,-1
espampanante,-1
espancado,-1
espancar,1
esparramado,-1
espatifado,-1
espaventoso,-1
espavorido,-1
especado,-1
especial,1
espectacular,1
espectral,1
esperançado,1
esperançoso,1
espertalhão,-1
espetacular,1
espetaculoso,-1
espetado,-1
espetar-se ao comprido,-1
espevitado,1
espezinhado,-1
espezinhar,1
espinhento,-1
espinhoso,-1
espirituoso,1
esplendente,1
esplêndido,1
esplendoroso,1
espontaneidade,1
espontâneo,1
espremido,-1
espúrio,-1
esquálido,-1
esquecediço,-1
esquecido,-1
esquelético,-1
esquentado,-1
esquerdóide,-1
esquinado,-1
esquisitice,-1
esquisito,-1
esquivo,-1
esquizofrenia,-1
esquizofrénico,-1
esquizóide,-1
esquizoidia,-1
estabanado,-1
estabilidade,1
estacado,-1
estafado,-1
estagnado,-1
estagnar,-1
estalado,-1
estalar o verniz,-1
estampado,-1
estancado,-1
estanhado,-1
estapafúrdio,-1
estar à altura de,1
estar à altura,1
estar a anos luz de,-1
estar à beira do precipício,-1
estar à deriva,-1
estar a dormir à sombra da bananeira,-1
estar a dormir,-1
estar a falar para as paredes,-1
estar a falar sozinho,-1
estar a jeito,-1
estar à nora,-1
estar a pensar na morte da bezerra,-1
estar à rasca,-1
estar à rasquinha,-1
estar a secar,-1
estar à sombra da bananeira,-1
estar aí para as curvas,1
estar ao deus dará,-1
estar armado em carapau de corrida,-1
estar às aranhas,-1
estar às cegas,-1
estar às turras com,-1
estar bem,1
estar com a cabeça na lua,-1
estar com a corda ao pescoço,-1
estar com a corda na garganta,-1
estar com a corda no pescoço,-1
estar com a lágrima no canto do olho,-1
estar com cara de caso,-1
estar com dor de corno,-1
estar com dor de cotovelo,-1
estar com macacos na cabeça,-1
estar com macacos no sótão,-1
estar com macaquinhos na cabeça,-1
estar com macaquinhos no sótão,-1
estar com o coração nas mãos,-1
estar com os azeites,-1
estar com os pés para a cova,-1
estar com um aperto no coração,-1
estar de cabeça quente,-1
estar de mãos a abanar,-1
estar de mãos atadas,-1
estar de mãos e pés atados,-1
estar de molho,-1
estar de olhos vendados,-1
estar de pés atados,-1
estar de saúde,1
estar de tanga,-1
estar de trombas,-1
estar em baixo de forma,-1
estar em baixo,-1
estar em grande forma,1
estar em grande,1
estar em pedaços,-1
estar em pele e osso,-1
estar enterrado até às orelhas,-1
estar feito ao bife,-1
estar feito barata tonta,-1
estar feito com,-1
estar fora de si,-1
estar na lua,-1
estar na retranca,-1
estar nas mãos de,-1
estar nas sete quintas,1
estar no bom caminho,1
estar num beco sem saída,-1
estar pelos cabelos,-1
estar por um fio,-1
estar sempre a bater na mesma tecla,-1
estar-se nas tintas,-1
estarola,-1
estarolice,-1
estarrecer,1
estarrecido,-1
estatelado,-1
estatelar-se,-1
estático,-1
estavanado,-1
estável,1
estendido,-1
estereotipado,-1
estéril,-1
esterilidade,-1
esticado,-1
esticar o pernil,-1
estigmatizado,-1
estiloso,-1
estimado,1
estimável,1
estirado,-1
estóico,-1
estoirado,-1
estoiro,-1
estorvar,1
estourado,-1
estouvado,-1
estrábico,-1
estragado,-1
estrambólico,-1
estrambótico,-1
estrangeirado,-1
estrangulado,-1
estrangular,1
estranho,-1
estratagema,-1
estremunhado,-1
estrénuo,1
estridente,-1
estroina,-1
estropiado,-1
estruturado,-1
estudioso,1
estulto,-1
estupefaciente,-1
estupendo,1
estupidez,-1
estúpido,-1
estuporado,-1
estuprado,-1
esvair-se em sangue,-1
esvaziado,-1
etéreo,1
etilizado,-1
eufónico,1
eufórico,1
eunuco,-1
evasão,-1
evasivo,-1
evitar,-1
exacerbado,-1
exagerado,-1
exagerar,-1
exalado,-1
exaltado,-1
exaltar-se,-1
exangue,-1
exasperação,-1
exasperado,-1
exasperar-se,-1
exasperar,-1
exato,1
exaustão,-1
exausto,-1
exceder-se,-1
exceder,1
excelência,1
excelente,1
excelso,1
excepcional,1
excessividade,-1
excessivo,-1
excitante,1
excitar,1
excluído,-1
excomungado,-1
execração,-1
execrado,-1
execrável,-1
executado,-1
exemplar,1
exemplaridade,1
exibicionismo,-1
exibicionista,-1
exibido,-1
exibir-se,-1
exilado,-1
eximido,-1
exímio,1
exotérico,-1
expansivo,1
expatriado,-1
expeditivo,1
expedito,1
expelido,-1
experiência,1
experiente,1
experimentado,1
experimentar dificuldades,-1
experto,1
explorador,-1
explorar,-1
explosivo,-1
expressivo,1
expropriado,-1
expulsar,1
expulso,-1
extemporâneo,-1
extenuação,-1
extenuado,-1
extenuante,-1
extenuar,1
exterminar,1
extraordinário,1
extravagante,-1
extraviado,-1
extremista,-1
extremoso,1
extrovertido,1
exultante,1
fabuloso,1
façanhudo,-1
faccioso,-1
faceto,1
facínora,-1
facinoroso,-1
factual,1
fadiga,-1
fadigado,-1
falácia,-1
falacioso,-1
falado,1
falante,1
falar com convicção,1
falar de barriga cheia,-1
falar demais,-1
falar para as paredes,-1
falar para o boneco,-1
falar sem convicção,-1
falar verdade,1
falência,-1
falhado,-1
falhanço,-1
falhar,-1
falho,-1
falibilidade,-1
falido,-1
falível,-1
falsear,-1
falseta,-1
falsidade,-1
falso,-1
faltar à palavra,-1
faltar ao compromisso,-1
faltar ao respeito,-1
falto,-1
faltoso,-1
famélico,-1
faminto,-1
famoso,1
fanfarrão,-1
fanho,-1
fanhoso,-1
fantasiar,-1
fantasista,-1
fantástico,1
fareleiro,-1
farisaico,-1
fariseu,-1
farrista,-1
farronqueiro,-1
farsa,-1
farsante,-1
farsista,-1
farsola,-1
fascinante,1
fascinar,1
fascista,-1
fastidioso,-1
fastio,-1
fatal,-1
fatalista,-1
fatigado,-1
fatigante,-1
fátuo,-1
favorável,1
favorecer,-1
fazer à custa de,-1
fazer a folha a,-1
fazer asneira,-1
fazer beicinho,-1
fazer biquinho,-1
fazer boa figura,1
fazer caretas,-1
fazer com os olhos fechados,1
fazer com uma perna às costas,1
fazer das tripas coração,1
fazer faísca,-1
fazer figura de urso,-1
fazer figura triste,-1
fazer filmes,-1
fazer gato e sapato de,-1
fazer horas,-1
fazer má figura,-1
fazer orelhas moucas,-1
fazer ouvidos de mercador,-1
fazer sombra a,1
fazer um grande feito,1
fazer um negócio da china,1
fazer uma boa jogada,1
fazer uma figura decente,1
fazer uma jogada de mestre,1
fazer uma rica parelha,-1
fazer uma tempestade num copo de água,-1
fazer vista grossa,-1
fazer xeque-mate,1
fazer-se de vítima,-1
febril,-1
fechado,-1
fechar os olhos,-1
fechar-se em copas,-1
fecundo,1
fedor,-1
fedorento,-1
feio,-1
feiticista,-1
feitiço,-1
felicidade,1
felino,-1
feliz,1
felizardo,1
femeeiro,-1
fenomenal,1
ferido,-1
ferino,-1
fero,-1
feroz,-1
ferrado,-1
ferrenho,-1
férreo,-1
fértil,1
ferver em pouca água,-1
fescenino,-1
festivo,1
fetichista,-1
fiabilidade,1
fiável,1
ficar a apanhar bonés,-1
ficar a chupar no dedo,-1
ficar à deriva,-1
ficar a dormir à sombra da bananeira,-1
ficar a falar para as paredes,-1
ficar a falar sozinho,-1
ficar a jeito,-1
ficar à nora,-1
ficar a pensar na morte da bezerra,-1
ficar a secar,-1
ficar à sombra da bananeira,-1
ficar à sombra de,-1
ficar a ver navios,-1
ficar ao deus dará,-1
ficar aos caídos,-1
ficar às aranhas,-1
ficar às cegas,-1
ficar com a cabeça em água,-1
ficar com a cabeça na lua,-1
ficar com as calças na mão,-1
ficar com cara de caso,-1
ficar com dor de corno,-1
ficar com dor de cotovelo,-1
ficar com macacos na cabeça,-1
ficar com macacos no sótão,-1
ficar com macaquinhos na cabeça,-1
ficar com macaquinhos no sótão,-1
ficar com o coração nas mãos,-1
ficar com os louros,-1
ficar de mãos a abanar,-1
ficar de mãos atadas,-1
ficar de mãos e pés atados,-1
ficar de molho,-1
ficar de pés atados,-1
ficar de tanga,-1
ficar de trombas,-1
ficar em pedaços,-1
ficar em primeiro,1
ficar em último,-1
ficar enterrado até às orelhas,-1
ficar feito barata tonta,-1
ficar fora de si,-1
ficar mal visto,-1
ficar na lua,-1
ficar nas mãos de,-1
ficar num beco sem saída,-1
ficar para tio,-1
ficar pelos cabelos,-1
ficar reduzido a nada,-1
ficar reduzido a zero,-1
ficar sem argumentos,-1
fictício,-1
fidedignidade,1
fidedigno,1
fidelidade,1
fiel,1
filantrópico,1
filantropo,1
filho da puta,-1
finado,-1
fincado,-1
fingido,-1
fingidor,-1
fingimento,-1
fingir,-1
finório,-1
fintar,1
firme,1
firmeza,1
fisgado,-1
fiteiro,-1
fitinhas,-1
fiúza,-1
fixe,1
flagelado,-1
flagelante,-1
flagelar,1
flatulência,-1
flatulento,-1
flébil,-1
flexibilidade,1
flexível,1
fluência,1
fluente,1
fluidez,1
fluido,1
fodido,-1
fofo,1
fofoqueiro,-1
fofoquice,-1
folclórico,-1
foleirice,-1
foleiro,-1
folgado,-1
fome,-1
foragido,-1
forasteiro,-1
forçado,-1
formidável,1
formoso,1
formosura,1
fornicador,-1
forreta,-1
fortalecido,1
forte,1
fortificado,1
fosco,-1
fotogenia,1
fotogénico,1
fracalhote,-1
fracassado,-1
fracassar,-1
fracasso,-1
fraco,-1
fracote,-1
frágil,-1
fragilidade,-1
fragilizado,-1
fragilizar,1
fragmentado,-1
franco,1
francófobo,-1
franqueza,1
franzino,-1
fraqueza,-1
fraternal,1
fraternidade,1
fraterno,1
fraturado,-1
fraude,-1
fraudulento,-1
frenético,-1
frescalhote,1
frieza,-1
frigidez,-1
frígido,-1
frio,-1
frito,-1
frivolidade,-1
frívolo,-1
frontal,1
frontalidade,1
frouxidão,-1
frouxo,-1
frugal,1
fruste,-1
frustração,-1
frustrado,-1
frustrar,-1
fugidio,-1
fugido,-1
fugir à questão,-1
fugir à responsabilidade,-1
fugir a sete pés,-1
fugir ao fisco,-1
fugir às perguntas,-1
fugir às responsabilidades,-1
fugir com o rabo à seringa,-1
fugir,-1
fugitivo,-1
fujão,-1
fulminante,-1
fulo,-1
funcional,1
fundamentado,1
fundamentalista,-1
funesto,-1
furibundo,-1
furioso,-1
furtar,-1
furtivo,-1
fustigar,1
fútil,-1
futilidade,-1
fuzilar,1
gabar-se,-1
gabaritado,1
gabarola,-1
gabiru,-1
gadelhudo,-1
gafo,-1
gagá,-1
gago,-1
gaguez,-1
gaiteiro,-1
galante,1
galdério,-1
galhardo,1
gamar,-1
ganância,-1
ganancioso,-1
gandulagem,-1
gandulo,-1
gangrena,-1
ganhar,1
ganir,-1
ganzado,-1
garboso,1
garganeiro,-1
garotice,-1
garoto,-1
gaseado,-1
gastador,-1
gastar mundos e fundos,-1
gasto,-1
gatuno,-1
gaudério,-1
gelado,-1
gélido,-1
generosidade,1
generoso,1
genial,1
genialidade,1
génio,1
genioso,-1
gentil,1
gentileza,1
gentinha,-1
gentio,-1
genuinidade,1
genuíno,1
germanófobo,-1
gingão,-1
glamoroso,1
glamour,1
glória,1
glorificado,1
glorioso,1
glutão,-1
goliardo,-1
golpeado,-1
gorado,-1
gordanchudo,-1
gordo,-1
gorducho,-1
gordurento,-1
gorduroso,-1
gostável,1
gostoso,1
governado,1
gozador,-1
gozar,1
gozo,-1
grácil,1
graciosidade,1
gracioso,1
grafomania,-1
grafomaníaco,-1
grafómano,-1
grandiloquente,1
grandíloquo,1
grandiosidade,1
grandioso,1
grato,1
grazina,-1
grimpo,1
gringo,-1
gritante,-1
grosseirão,-1
grosseirismo,-1
grosseiro,-1
grosseria,-1
grosso,-1
grotesco,-1
grudento,-1
guapo,1
guerra,-1
guloso,-1
habilidade,1
habilidoso,1
habilitado,1
handicap,-1
harmonia,1
harmônico,1
harmónico,1
harmonioso,1
hediondez,-1
hediondo,-1
hemiplegia,-1
hercúleo,1
herege,-1
heresia,-1
herético,-1
hermético,-1
herodiano,-1
heroicidade,1
heróico,1
heroinomania,-1
heroinómano,-1
hesitante,-1
heteróclito,-1
heterogéneo,-1
heterogêneo,-1
hidrófobo,-1
higiénico,1
hílare,1
hiperactivo,-1
hiperativo,-1
hiperbólico,-1
hiperconservador,-1
hiperconservadorismo,-1
hipercrítico,-1
hiperculto,1
hiperdotado,1
hipersensibilidade,-1
hipersensível,-1
hipnotização,-1
hipnotizado,-1
hipnotizar,-1
hipnotizável,-1
hipocondria,-1
hipocondríaco,-1
hipocrisia,-1
hipócrita,-1
hirsuto,-1
histeria,-1
histérico,-1
histriónico,-1
hodierno,1
homicida,-1
homicídio,-1
homiziado,-1
homogéneo,1
honestidade,1
honesto,1
honorabilidade,1
honorável,1
honra,1
honradez,1
honrado,1
honrar a sua palavra,1
honrar os seus compromissos,1
honrar,1
honroso,1
horrendo,-1
horribilidade,-1
hórrido,-1
horrífico,-1
horripilação,-1
horripilante,-1
horrível,-1
horror,-1
horrorizar,-1
horroroso,-1
hospitaleiro,1
hospitalidade,1
hostil,-1
hostilidade,-1
humanidade,1
humanitário,1
humano,1
humilhado,-1
humilhar-se,-1
humilhar,1
ideal,1
idiota,-1
idiotia,-1
idiotice,-1
idolatrado,1
idoneidade,1
idôneo,1
idóneo,1
ignaro,-1
ignóbil,-1
ignomínia,-1
ignominioso,-1
ignorado,-1
ignorância,-1
ignorante,-1
ignoto,-1
ilegal,-1
ilegítimo,-1
ilegível,-1
ileso,1
iletrado,-1
ilibado,1
iliberal,-1
iliteracia,-1
iliterato,-1
ilógico,-1
ilogismo,-1
iludido,-1
iludir,-1
iluminado,1
iluminar,1
ilusão,-1
ilusório,-1
ilustrado,1
ilustre,1
imaculabilidade,1
imaculado,1
imagético,1
imaturidade,-1
imaturo,-1
imbatível,1
imbecil,-1
imbecilidade,-1
imerecido,-1
imisericordioso,-1
imitador,-1
imitar,-1
imitativo,-1
imobilizado,-1
imoderação,-1
imoderado,-1
imodéstia,-1
imodesto,-1
imolado,1
imoral,-1
imoralidade,-1
imorigerado,-1
imortal,1
imortalizado,1
imóvel,-1
impaciente,-1
impagável,1
impante,-1
imparcial,1
impatriota,-1
impávido,1
impecabilidade,1
impecável,1
impecunioso,-1
impelido,-1
impenetrável,-1
impenitente,-1
imperceptível,-1
impercetível,-1
imperdoável,-1
imperfeição,-1
imperfeito,-1
imperial,-1
imperialista,-1
imperiosidade,-1
imperioso,-1
imperito,-1
impermanência,-1
impermanente,-1
imperscrutável,-1
impertérrito,1
impertinência,-1
impertinente,-1
imperturbado,1
imperturbável,1
impessoal,-1
impessoalidade,-1
impetuosidade,-1
impetuoso,-1
impiedade,-1
impiedoso,-1
ímpio,-1
implacável,-1
implicado,-1
implicante,-1
implicativo,-1
implorar,-1
impoluto,1
imponderação,-1
imponderado,-1
imponente,1
impontual,-1
impontualidade,-1
impopular,-1
impopularidade,-1
importunado,-1
importuno,-1
impossível,-1
imposto,-1
impostor,-1
impostura,-1
impotência,-1
impotente,-1
imprecisão,-1
impreciso,-1
impregnado,-1
impreparado,-1
impressionar,1
impressionável,-1
imprestabilidade,-1
imprestável,-1
imprevidência,-1
imprevidente,-1
improcedência,-1
improcedente,-1
improducente,-1
improdutividade,-1
improdutivo,-1
imprudência,-1
imprudente,-1
impudente,-1
impudicícia,-1
impudico,-1
impugnado,-1
impulsivo,-1
impuro,-1
imputado,-1
imundície,-1
imundo,-1
inábil,-1
inabilidade,-1
inabordável,-1
inaceitável,-1
inacessível,-1
inactividade,-1
inactivo,-1
inadaptado,-1
inadequado,-1
inadmissível,-1
inamovível,-1
inanimação,-1
inanimado,-1
inânime,-1
inaplicado,-1
inapresentável,-1
inapto,-1
inatacável,1
inatividade,-1
inativo,-1
inaudito,1
inautenticidade,-1
inautêntico,-1
incansável,1
incapacidade,-1
incapaz,-1
incaracterístico,-1
incauto,-1
incendiado,-1
incendiário,-1
incensador,-1
incensurável,1
incerteza,-1
incerto,-1
inchado,-1
incipiente,-1
incivil,-1
incivilidade,-1
incivilizado,-1
inclemência,-1
inclemente,-1
ínclito,1
incoerência,-1
incoerente,-1
incógnito,-1
incólume,1
incomodado,-1
incomodar,1
incomodativo,-1
incomodidade,-1
incômodo,-1
incómodo,-1
incompetência,-1
incompetente,-1
incompleto,-1
incompreensibilidade,-1
incompreensível,-1
inconcebível,-1
inconciliável,-1
inconcluso,-1
inconcusso,1
inconfessável,-1
inconfidente,-1
incongruência,-1
incongruente,-1
inconsciência,-1
inconsciente,-1
inconseqüente,-1
inconsequente,-1
inconsiderado,-1
inconsistência,-1
inconsistente,-1
inconsolado,-1
inconsolável,-1
inconstante,-1
incontestável,1
incontinência,-1
incontinente,-1
incontrariável,-1
incontrolado,-1
incontroverso,1
inconveniência,-1
inconveniente,-1
inconversável,-1
incorreção,-1
incorrecção,-1
incorrecto,-1
incorreto,-1
incorrigível,-1
incorrupção,1
incorruptibilidade,1
incorruptível,1
incorrupto,1
incriticável,1
inculto,-1
incultura,-1
incumpridor,-1
incurável,-1
indecência,-1
indecente,-1
indecifrável,-1
indeciso,-1
indecoro,-1
indecorosidade,-1
indecoroso,-1
indefectível,1
indefenso,-1
indeferido,-1
indefeso,-1
indefetível,1
indefinido,-1
indelicadeza,-1
indelicado,-1
indemnizado,1
inderrotável,1
inderrubável,1
indesculpável,-1
indesejado,-1
indesejável,-1
indestrutível,1
indeterminado,-1
indiciado,-1
indigente,-1
indigesto,-1
indigitável,-1
indignado,-1
indignidade,-1
indigno,-1
indirecto,-1
indireto,-1
indisciplina,-1
indisciplinado,-1
indiscreto,-1
indiscrição,-1
indiscutível,1
indispensável,1
indisposição,-1
indisposto,-1
indistinto,-1
inditoso,-1
individualista,-1
indócil,-1
indocilidade,-1
indolência,-1
indolente,-1
indominável,-1
indómito,-1
indubitável,1
indulgente,1
induzir em erro,-1
inebriado,-1
inebriante,-1
inefável,-1
ineficácia,-1
ineficaz,-1
ineficiência,-1
ineficiente,-1
inelegível,-1
inelutável,1
inenarrável,-1
inépcia,-1
inepto,-1
inequívoco,1
inércia,-1
inerme,-1
inerte,-1
inescrutável,-1
inesgotável,1
inexactidão,-1
inexacto,-1
inexatidão,-1
inexato,-1
inexcedível,1
inexorável,-1
inexperiência,-1
inexperiente,-1
inexperto,-1
inexplicável,-1
inexplícito,-1
inexpressivo,-1
inexprimível,-1
infalível,1
infamado,-1
infamante,-1
infame,-1
infâmia,-1
infantil,-1
infantilidade,-1
infatigável,1
infectado,-1
infecundo,-1
infelicidade,-1
infeliz,-1
infernal,-1
infernizar,1
infértil,-1
infetado,-1
infidelidade,-1
infiel,-1
inflado,-1
inflamado,-1
inflexibilidade,-1
inflexível,-1
influenciável,-1
influente,1
infoexcluído,-1
informe,-1
infortunado,-1
infortúnio,-1
infrene,-1
infringir,-1
infrutífero,-1
infundado,-1
ingênuo,-1
ingratidão,-1
ingrato,-1
inibido,-1
inibir-se,-1
inibir,1
inidoneidade,-1
inidóneo,-1
inimigo,-1
ininteligibilidade,-1
ininteligível,-1
iniquidade,-1
iníquo,-1
injúria,-1
injuriado,-1
injuriante,-1
injuriar,-1
injurioso,-1
injustiça,-1
injusto,-1
inocente,1
inoportuno,-1
inóspito,-1
inovação,1
inovador,1
inqualificação,-1
inqualificado,-1
inqualificável,-1
inquebrantável,-1
inquestionável,1
inquietação,-1
inquietante,-1
inquieto,-1
insaciado,-1
insanidade,-1
insano,-1
insatisfatório,-1
insatisfeito,-1
insegurança,-1
inseguro,-1
insensatez,-1
insensato,-1
insensibilidade,-1
insensível,-1
insidioso,-1
insigne,1
insignificante,-1
insinceridade,-1
insincero,-1
insinuação,-1
insinuador,-1
insinuativo,-1
insinuoso,-1
insipidez,-1
insípido,-1
insipiência,-1
insipiente,-1
insociabilidade,-1
insociável,-1
insofrido,-1
insolência,-1
insolente,-1
insólito,-1
insondável,-1
insonso,-1
insosso,-1
inspiração,1
inspirado,1
inspirador,1
inspirar confiança,1
instabilidade,-1
instável,-1
instigado,-1
instruído,1
instrutivo,1
insubmisso,-1
insubordinação,-1
insubordinado,-1
insubornável,1
insubstituível,1
insuficiente,-1
insulsez,-1
insulso,-1
insultado,-1
insultar,-1
insulto,-1
insultuoso,-1
insuperável,1
insuportável,-1
insurgente,-1
insurrecto,-1
insurreto,-1
insusceptível,-1
insuscetível,-1
insuspeito,1
integridade,1
integrista,-1
íntegro,1
intelectualóide,-1
inteligência,1
inteligente,1
intemerato,1
intemperado,-1
intemperamento,-1
intempestividade,-1
intempestivo,-1
interceptado,-1
intercetado,-1
interdito,-1
interessante,1
interesseiro,-1
internado,-1
interrogatório,-1
intimidação,-1
intimidado,-1
intimidador,-1
intimidante,-1
intimidar,1
intimidativo,-1
intimidatório,-1
intimorato,1
intolerância,-1
intolerante,-1
intolerável,-1
intragável,-1
intranquilidade,-1
intranquilo,-1
intransigência,-1
intransigente,-1
intratabilidade,-1
intratável,-1
intriga,-1
intrigante,-1
intriguista,-1
intrincado,-1
intrometer-se,-1
intrometido,-1
introvertido,-1
intruso,-1
inumanidade,-1
inumano,-1
inútil,-1
inutilidade,-1
invadir a privacidade de,-1
invadir,-1
inválido,-1
invasivo,-1
invasor,-1
invectivo,-1
inveja,-1
invejar,-1
invejoso,-1
invencível,1
inventivo,1
inventor,1
invertido,-1
invetivo,-1
inviável,-1
inviesado,-1
invisível,-1
invulnerável,1
ir à luta,1
ir ao chão,-1
ir ao tapete,-1
ir aos arames,-1
ir às nuvens,1
ir às paredes,-1
ir dentro,-1
ir desta para melhor,-1
ir para o outro mundo,-1
ir pelo caminho errado,-1
ir pelos ares,-1
ir-se abaixo,-1
ir-se ao ar,-1
ir-se aos ares,-1
iracúndia,-1
iracundo,-1
irado,-1
irascibilidade,-1
irascível,-1
irônico,-1
irónico,-1
irracional,-1
irracionalidade,-1
irrealismo,-1
irrealista,-1
irrefutável,1
irregular,-1
irregularidade,-1
irrelevante,-1
irreligioso,-1
irrepreensível,1
irreprimível,1
irrequieto,-1
irresistível,1
irresoluto,-1
irrespeito,-1
irrespeitoso,-1
irresponsabilidade,-1
irresponsável,-1
irreverência,-1
irreverencioso,-1
irreverente,-1
irridente,-1
irrisório,-1
irritabilidade,-1
irritação,-1
irritadiço,-1
irritado,-1
irritante,-1
irritar-se,-1
irritativo,-1
irritável,-1
isento,1
isolamento,-1
jactância,-1
jactante,-1
jalofo,-1
javardice,-1
javardo,-1
jeitoso,1
jeremias,-1
jocosidade,-1
jogar ao faz de conta,-1
jovial,1
jovialidade,1
jubilado,1
jubiloso,1
judicativo,-1
juízo,1
juntar o útil ao agradável,1
jururu,-1
justiça,1
justiceiro,1
justificável,1
justo,1
kafkiano,-1
lábia,-1
labrego,-1
labreguice,-1
labroste,-1
labutador,1
lacónico,-1
lacónio,-1
lacrimoso,-1
ladino,-1
ladro,-1
ladroagem,-1
laical,-1
laico,-1
lambão,-1
lambareiro,-1
lambeiro,-1
lamber as botas a,-1
lambuzado,-1
lamecha,-1
lamechar,-1
lamechice,-1
lamentação,-1
lamentar-se,-1
lamentável,-1
lamentoso,-1
lampeiro,-1
lamúria,-1
lamuriante,-1
lamuriar-se,-1
lamuriento,-1
lamurioso,-1
lancinante,-1
langoroso,-1
languescente,-1
lânguido,-1
laparoto,-1
lapuz,-1
lástima,-1
lastimar-se,-1
lastimável,-1
lastimoso,-1
lata,-1
latente,-1
laudativo,1
laudatório,1
laurear a pevide,-1
lavado,1
lavar roupa suja,-1
laxista,-1
lazarento,-1
lãzudo,-1
leal,1
lealdade,1
ledo,1
legal,1
legítimo,1
leigo,-1
lelo,-1
lendário,1
lenitivo,1
lentidão,-1
lento,-1
leproso,-1
lerdice,-1
lerdo,-1
lesado,-1
lesionado,-1
lesivo,-1
leso,-1
lesto,1
letal,-1
letargia,-1
letárgico,-1
letrado,1
levado da breca,-1
levado das maleitas,-1
levado do diabo,-1
levantado,-1
levantar a cabeça,1
levar a melhor,1
levar a sua avante,1
levar com a porta na cara,-1
levar com um balde de água fria,-1
levar na corneta,-1
levar nas orelhas de,-1
levar nas orelhas,-1
levar porrada,-1
levar um baile de,-1
levar um baile,-1
levar um banho de água fria,-1
levar um pontapé no cu,-1
levar um tiro,-1
levar uma abada,-1
levar uma cabazada,-1
levar uma coça,-1
levar uma malha,-1
levar uma surra,-1
levar uma tareia,-1
leviandade,-1
leviano,-1
lhano,1
liberdade,1
libertador,1
libertar,1
libertário,-1
libertinagem,-1
libertino,-1
libidinoso,-1
licencioso,-1
lícito,-1
lídimo,1
ligar a cassete,-1
liliputiano,-1
limitado,-1
limpar o bom nome,1
limpar o sarampo a,-1
limpar o sebo a,-1
límpido,1
limpo,1
lindo,1
linfatismo,-1
lingrinhas,-1
linguareiro,-1
linguarudo,-1
lisonjeador,1
lisonjeiro,1
lítico,1
lívido,-1
livre,1
lixado,-1
lixar-se,-1
lixar,-1
lógico,1
logrativo,-1
longânime,1
longânimo,1
lorpa,-1
louco,-1
loucura,-1
louvaminheiro,-1
louvável,1
lucidez,1
lúcido,1
ludibriado,-1
ludibriante,-1
ludibriar,-1
ludibrioso,-1
lugar-comum,-1
lúgubre,-1
luminosidade,1
luminoso,1
lunático,-1
lusco,-1
lusófobo,-1
lustrado,1
lutador,1
lutar,1
luto,-1
lutuoso,-1
luxuoso,1
luxúria,-1
má apresentação,-1
má cara,-1
má disposição,-1
má educação,-1
má fama,-1
má formação,-1
má fortuna,-1
má-fé,-1
má-governação,-1
má-prestação,-1
macabro,-1
macaco,-1
maçado,-1
maçador,-1
macambuzice,-1
macambúzio,-1
macanjo,-1
macareno,-1
macavenco,-1
machismo,-1
machista,-1
machucado,-1
macilento,-1
maçudo,-1
maculado,-1
madraço,-1
maduro,1
mafeitoria,-1
máfia,-1
mafioso,-1
magalomania,-1
magano,-1
magistral,1
magnanimidade,1
magnânimo,1
magnificência,1
magnificente,1
magnificidade,1
magnífico,1
mago,1
magoar,-1
magrelo,-1
magricela,-1
majestático,1
majestoso,1
mal-afamado,-1
mal-afeiçoado,-1
mal-afortunado,-1
mal-agradecido,-1
mal-amado,-1
mal-cheiroso,-1
mal-comportado,-1
mal-educado,-1
mal-encarado,-1
mal-feito,-1
mal-humorado,-1
mal-intencionado,-1
mal-pago,-1
mal-vestido,-1
malabarismo,-1
malabarista,-1
malandreco,-1
malandro,-1
malcheiroso,-1
malcriado,-1
maldade,-1
maldição,-1
maldisposto,-1
maldito,-1
maldizente,-1
maldoso,-1
maleável,1
maledicência,-1
maledicente,-1
maleducado,-1
maléfico,-1
malencarado,-1
malevolência,-1
malevolente,-1
malévolo,-1
malfadado,-1
malfazejo,-1
malfeito,-1
malfeitor,-1
malfeitoria,-1
malformação,-1
malformado,-1
malhado,-1
malhar,1
malícia,-1
malicioso,-1
maligno,-1
malnutrição,-1
malogrado,-1
malquisto,-1
malsão,-1
malsucedido,-1
maltrapilho,-1
maltratado,-1
maltratar,-1
maluco,-1
maluquice,-1
malvadez,-1
malvado,-1
malvisto,-1
mamalhudo,-1
mamar nas tetas de,-1
mamudo,-1
manchado,-1
manchar a imagem de,-1
manco,-1
mancomunado,-1
mandão,-1
mandar bocas,-1
mandar calar,-1
mandrião,-1
maneirista,-1
maneiro,1
maneta,-1
manha,-1
manhoso,-1
mania,-1
maníaco-depressivo,-1
maníaco,-1
manietado,-1
manipulação,-1
manipulado,-1
manipulador,-1
manipular,-1
manipulável,-1
manobrado,-1
manobrar,-1
manteigueiro,-1
maquiavélico,-1
maquiavelismo,-1
maquiavelista,-1
maquinado,-1
marau,-1
maravilha,1
maravilhoso,1
marcar pontos,1
marginal,-1
marginalidade,-1
marginalizado,-1
marginalizar,-1
marialva,-1
maricão,-1
maricas,-1
mariola,-1
marioneta,-1
mariquice,-1
mariquinhas,-1
marmanjo,-1
maroto,-1
marralheiro,-1
marrano,-1
marrão,-1
marreco,-1
martirizar,1
más intenções,-1
mascarado,-1
másculo,1
masochista,-1
masoquismo,-1
masoquista,-1
massacrar,1
massacre,-1
massudo,-1
matador,-1
matar dois coelhos com uma cajadada,1
matar o vício,-1
materialismo,-1
materialista,-1
maternal,1
matias,-1
matraquear,-1
matreiro,-1
maturidade,1
matuto,-1
mau agouro,-1
mau agrado,-1
mau aluno,-1
mau cheiro,-1
mau comportamento,-1
mau desempenho,-1
mau exemplo,-1
mau feitio,-1
mau génio,-1
mau humor,-1
mau pagador,-1
mau,-1
maus hábitos,-1
mavioso,1
mavórcio,-1
mazombice,-1
mazombo,-1
mazorro,-1
medíocre,-1
mediocridade,-1
meditabundo,-1
medo,-1
medonho,-1
medrado,1
medricas,-1
medroso,-1
mefistofélico,-1
megalomania,-1
megalomaníaco,-1
megalômano,-1
megalómano,-1
meigo,1
meio-alterado,-1
meio-apalermado,-1
meio-doido,-1
meio-morto,-1
melado,-1
melancólico,-1
melífluo,1
melindrado,-1
melindrar-se,-1
melindrar,-1
melindroso,-1
melódico,1
melodioso,1
melodramático,-1
melómano,-1
memorável,1
memorioso,1
mendacidade,-1
mendaz,-1
mendicante,-1
menosprezante,-1
menosprezar,-1
menosprezável,-1
menosprezo,-1
mentecapto,-1
mentir,-1
mentira,-1
mentiroso compulsivo,-1
mentiroso inveterado,-1
mentiroso,-1
mercantil,-1
mercantilista,-1
mercenário,-1
merda,-1
merdoso,-1
merecedor,1
merecer o que tem,-1
merencório,-1
mergulhado,-1
mérito,-1
meritório,1
mesquinhez,-1
mesquinho,-1
mesurado,1
metafísico,-1
metediço,-1
meter a carroça à frente dos bois,-1
meter a foice em seara alheia,-1
meter a pata na poça,-1
meter a viola no saco,-1
meter água,-1
meter dentro de um púcaro,1
meter mãos à obra,1
meter medo,-1
meter num bolso,1
meter num chinelo,1
meter o carro à frente dos bois,-1
meter o nariz onde não é chamado,-1
meter o pé na argola,-1
meter o pé na poça,-1
meter o rabinho entre as pernas,-1
meter o rabo entre as pernas,-1
meter os cornos a,-1
meter os dedos pelos olhos de,-1
meter os dedos pelos olhos dentro,-1
meter os patins a,-1
meter os pés pelas mãos,-1
meter uma cunha,-1
meter-se às cavalitas de,-1
meter-se na alheta,-1
meter-se na boca do lobo,-1
meter-se numa embrulhada,-1
meter-se onde não é chamado,-1
meticuloso,1
metido,-1
metódico,1
mexeriqueiro,-1
mexido,1
migalheiro,-1
mijão,-1
milagroso,1
mimado,-1
mimalho,-1
mimoso,1
minado,-1
minguado,-1
minucioso,1
minúsculo,-1
míope,-1
mirabolante,-1
mirolho,-1
mirração,-1
mirrado,-1
misantropo,-1
miserabilismo,-1
miserabilista,-1
miserando,-1
miserável,-1
misericordioso,1
mísero,-1
misturar alhos com bugalhos,-1
mítico,1
mitomania,-1
mitómano,-1
mocado,-1
mociço,1
moderação,1
moderado,1
modernaço,1
moderno,1
modéstia,1
modesto,1
modorrento,-1
modorro,-1
moedor,-1
mofino,-1
moído,-1
moinante,-1
moldável,1
mole,-1
molenga,-1
molengão,-1
molenguice,-1
moleque,-1
molestado,-1
molestar,-1
molieresco,-1
mongolismo,-1
mongolóide,-1
mono,-1
monocórdico,-1
monomania,-1
monomaníaco,-1
monopolista,-1
monopolizado,-1
monopolizador,-1
monopolizar,1
monotonia,-1
monótono,-1
monstruosidade,-1
monstruoso,-1
moquenco,-1
moralista,-1
morbidez,-1
mórbido,-1
morboso,-1
mordacidade,-1
mordaz,-1
mordente,-1
morder a língua,-1
morder o isco,-1
morfinomania,-1
morfinómano,-1
moribundo,-1
morigerado,1
morno,-1
moroso,-1
morrer de pé,-1
morrer na praia,-1
morte,-1
mortiço,-1
mortífero,-1
mortificado,-1
morto,-1
mostrar a verdadeira face,-1
mostrar atitude,1
mostrar dificuldades,-1
motivação,1
motivado,1
motivador,1
mouqueira,-1
mouquice,-1
mudar as regras a meio do jogo,-1
mudar de ideias como quem muda de camisa,-1
mudez,-1
mudo,-1
mula,-1
mulherengo,-1
mundano,-1
munificente,1
murcho,-1
murmurante,-1
musculado,1
musculoso,1
mutilado,-1
mutilar,1
nabice,-1
nabo,-1
nanico,-1
não acertar uma,-1
não chegar aos calcanhares de,-1
não chegar aos pés de,-1
não chegar às solas dos sapatos de,-1
não dar uma para a caixa,-1
não dizer ai nem ui,-1
não dizer coisa com coisa,-1
não dizer nada de jeito,-1
não estar à altura de,-1
não estar em si,-1
não fazer a ponta de um corno,-1
não gostar de ouvir as verdades,-1
não interessar a ninguém,-1
não mexer uma palha,-1
não olhar a meios para atingir os fins,-1
não olhar a meios,-1
não perceber patavina,-1
não saber o que dizer,-1
não saber o que quer,-1
não saber onde se meteu,-1
não saber patavina,-1
não sair da cepa torta,-1
não se mexer,-1
não se sair mal,1
não ser carne nem peixe,-1
não ser levado a sério,-1
não ser peixe nem carne,-1
não ter argumentos,-1
não ter nada na cabeça,-1
não ter nada nos miolos,-1
não ter onde cair morto,-1
não ter papas na língua,1
não ter pedalada,-1
não ter razão,-1
não ter um pingo de vergonha,-1
não ter um tostão,-1
não ter vergonha na cara,-1
não ter vergonha nenhuma,-1
não valer nada,-1
não ver um boi à frente dos olhos,-1
não ver um boi,-1
não ver um palmo à frente do nariz,-1
não virar a cara,1
narcisista,-1
narcótico,-1
narcotizado,-1
narigudo,-1
nascer com o cu virado para a lua,1
natural,1
nauseado,-1
nauseante,-1
nazi,-1
nazista,-1
nebuloso,-1
necessário,1
necessitado,-1
necrófago,-1
necrófilo,-1
nédio,-1
nefando,-1
nefasto,-1
nefelibata,-1
negaceiro,-1
negatividade,-1
negativo,-1
neglicência,-1
negligenciar,-1
negligente,-1
negregado,-1
negróide,-1
nervos,-1
nervosismo,-1
nervoso,-1
néscio,-1
neurasténico,-1
neurose,-1
neurótico,-1
ninheiro,-1
niquento,-1
nítido,1
nobre,1
nocivo,-1
nódoa,-1
nojento,-1
nojo,-1
nomeado,1
normal,1
norteado,1
notabilidade,1
notável,1
noveleiro,-1
novidadeiro,-1
nulo,-1
número de circo,-1
obcecação,-1
obcecado,-1
obcecante,-1
obeso,-1
objectividade,1
objectivo,1
objetividade,1
objetivo,1
oblíquo,-1
obrigado,-1
obscenidade,-1
obsceno,-1
obscurecer,-1
obscurecido,-1
obscuridade,-1
obscuro,-1
observador,1
observante,1
obsessão,-1
obsessivo,-1
obsoleto,-1
obstinado,-1
obstrucionista,-1
obstruir,-1
obtusidade,-1
obtuso,-1
ociosidade,-1
ocioso,-1
oco,-1
ocultar a verdade,-1
ocultar,-1
oculto,-1
odiado,-1
odiável,-1
odiento,-1
ódio,-1
odioso,-1
ofegante,-1
ofender,-1
ofendido,-1
ofensa,-1
ofensivo,-1
oferecido,-1
ofuscado,-1
ofuscar,1
oleoso,-1
olhar nos olhos,1
olheirento,-1
oligofrenia,-1
oligofrénico,-1
omisso,-1
omitido,-1
omitir,-1
omnipotente,1
omnipresente,1
omnisciente,1
ondulante,-1
onerado,-1
onzeneiro,-1
opaco,-1
operante,1
operoso,1
opiniático,-1
opiomania,-1
opiómano,-1
opíparo,1
oponente,-1
oportunismo,-1
oportunista,-1
oportuno,1
opressão,-1
opressivo,-1
opresso,-1
opressor,-1
oprimente,-1
oprimido,-1
oprimir,1
optimismo,1
optimista,1
óptimo,1
opulento,-1
ordeiro,1
ordenado,1
ordinarice,-1
ordinário,-1
orelhudo,-1
órfão,-1
organizado,1
orgulhoso,-1
original,1
originalidade,1
ossudo,-1
ostensão,-1
ostensivo,-1
ostentação,-1
ostentativo,-1
ostentoso,-1
otimismo,1
otimista,1
ótimo,1
ouvir das boas,-1
ouvir poucas mas boas,-1
pacato,1
paciente,1
pacificação,1
pacificador,1
pacificidade,1
pacífico,1
pacovice,-1
pacóvio,-1
padecedor,-1
padecente,-1
pagar caro,-1
pagar favores a,-1
pagar um favor a,-1
paixão,1
palavroso,-1
paleio,-1
palerma,-1
palermice,-1
palhaço,-1
palidez,-1
pálido,-1
panal,-1
panasca,-1
pancadaria,-1
pançudo,-1
panema,-1
pantafaçudo,-1
pântano,-1
pantemineiro,-1
papaguear,-1
papalvo,-1
papão,-1
papista,-1
parado,-1
paradoxal,-1
paradoxo,-1
paralisado,-1
paralisar,1
paralítico,-1
paranóia,-1
paranóico,-1
parasita,-1
parasito,-1
parcimónia,1
parcimonioso,1
parco,1
parido,-1
parolice,-1
parolo,-1
parracho,-1
parrudo,-1
participativo,1
partidarista,-1
partido,-1
partir o coração a,-1
parvalhão,-1
parvo,-1
parvoíce,-1
parvónio,-1
pascácio,-1
pasmado,-1
paspalhão,-1
paspalho,-1
passadista,-1
passado,-1
passar a batata quente a,-1
passar à frente a,1
passar à história,-1
passar a perna a,-1
passar cheques em branco,-1
passar desta para melhor,-1
passar dos limites,-1
passar fome,-1
passar por dificuldades,-1
passável,1
passeiro,-1
passivo,-1
pastel,1
pastelão,-1
pastrano,-1
pataqueiro,-1
patarata,-1
patau,-1
patego,-1
paternal,1
pateta,-1
patetice,-1
patético,-1
patibular,-1
patifaria,-1
patife,-1
patinar,-1
patola,-1
patriarcal,1
patriota,1
patrioteiro,-1
patriótico,1
patudo,-1
patusco,-1
pau de cabeleira,-1
pavonear-se,-1
pavor,-1
pavoroso,-1
pecado,-1
pecador,-1
pecar,-1
pechoso,-1
peco,-1
pedante,-1
pedantice,-1
pedantismo,-1
pedinte,-1
pedrado,-1
pegajoso,-1
peganhento,-1
peguilhento,-1
peitado,-1
pelintra,-1
penalizado,-1
pencudo,-1
pendurado,-1
pendurar as botas,-1
peneirento,-1
penetra,-1
penetrante,1
penitenciar-se,-1
penoso,-1
pequenez,-1
perceptível,1
perceptivo,1
percetível,1
percetivo,1
perdedor,-1
perder a cabeça,-1
perder a compostura,-1
perder a postura,-1
perder a razão,-1
perder as estribeiras,-1
perder o juízo,-1
perder o norte,-1
perder o pio,-1
perder os sentidos,-1
perder terreno,-1
perder,-1
perdido,-1
perdulário,-1
perecedor,-1
perecível,-1
peregrino,1
peremptório,1
perentório,1
perfeição,1
perfeito,1
perfídia,-1
pérfido,-1
perfumado,1
perigo,-1
perigosidade,-1
perigoso,-1
perito,1
permissivo,-1
perneta,-1
pernicioso,-1
pernóstico,-1
perplexo,-1
perro,-1
perseguir,-1
perseverança,1
perseverante,1
persistente,1
perspicácia,1
perspicaz,1
perspicuidade,1
perspícuo,1
persuadido,-1
persuasivo,1
pertinácia,-1
pertinaz,-1
pertinência,1
pertinente,1
perturbação,-1
perturbações de carácter,-1
perturbações de caráter,-1
perturbado,-1
perturbador,-1
perturbante,-1
perturbar,1
perversidade,-1
perverso,-1
pervertedor,-1
perverter,-1
pervertidade,-1
pervertido,-1
pesadão,-1
pesaroso,-1
pesporrência,-1
pesporrente,-1
pessimismo,-1
pessimista,-1
péssimo,-1
pétreo,-1
petrificado,-1
petrificante,-1
petulância,-1
petulante,-1
piada,-1
picado,-1
picante,-1
picareta falante,-1
pícaro,-1
picuinhas,-1
piedoso,1
piegas,-1
pieguice,-1
pífio,-1
pigmeu,-1
pimpão,-1
pindérico,-1
pinguço,-1
pinoca,-1
pintalegrete,-1
piolhoso,-1
pior,-1
piorar,-1
pipi,-1
piração,-1
pirado,-1
piranga,-1
pirangueiro,-1
pirar,-1
pirata,-1
piromania,-1
piromaníaco,-1
pirómano,-1
pirosice,-1
piroso,-1
pisado,-1
pisar na bola,-1
pisar o risco,-1
pisco,-1
pitónico,-1
pitoresco,1
pitosga,-1
plácido,1
plangência,-1
plangente,-1
plausível,1
plebeu,-1
pobre coitado,-1
pobre de espírito,-1
pobre e mal agradecido,-1
pobre,-1
pobretana,-1
pobretão,-1
pobrete,-1
pobreza de espírito,-1
pobreza,-1
podre,-1
poleiro,-1
polémica,-1
polémico,-1
polemista,-1
politicante,-1
politiqueiro,-1
politiquice,-1
polivalente,1
poltrão,-1
poluir,-1
ponderação,1
ponderado,1
ponderoso,1
pontapear,1
pontual,1
pontualidade,1
pontudo,-1
popular,1
popularidade,1
populismo,-1
populista,-1
porcalhão,-1
porcaria,-1
porcino,-1
porco,-1
porfiado,-1
pornografia,-1
pornográfico,-1
porreiro,1
portentoso,1
positividade,1
positivo,1
possante,1
possessão,-1
possessividade,-1
possessivo,-1
possesso,-1
possidónio,-1
possuído,-1
postiço,-1
potente,1
poupado,1
pragmático,1
pragmatismo,1
prático,1
prazenteiro,1
precariedade,-1
precatado,1
precavido,1
precioso,1
precipitado,-1
precipitar-se,-1
precisado,-1
precisão,1
precisar de comer farinha maizena,-1
preclaro,1
precoce,-1
preconceito,-1
preconceituoso,-1
predilecto,1
predileto,1
preeminente,1
preferido,1
pregar aos peixes,-1
preguiça,-1
preguiçoso,-1
prejudicado,-1
prejudicar,-1
prejudicial,-1
premeditado,-1
premiado,1
prendado,1
preocupado,-1
preparado,1
prepotência,-1
prepotente,-1
presbíope,-1
presbiopia,-1
presbitismo,-1
presciente,1
presente,1
preservado,1
presidiário,-1
preso,-1
prestabilidade,1
prestante,1
prestativo,1
prestável,1
prestigiado,1
prestigiante,1
prestígio,1
prestigioso,1
prestimoso,1
presto,1
presumido,-1
presumível,-1
presunção,-1
presunçoso,-1
pretensiosismo,-1
pretensioso,-1
pretenso,-1
prevenido,1
previdente,1
prezado,1
prezável,1
primitivo,-1
primoroso,1
prisão,-1
prisioneiro,-1
problema,-1
problemático,-1
probo,1
processado,-1
prodigioso,1
produtividade,1
produtivo,1
proeminente,1
profanador,-1
profano,-1
proficiente,1
profícuo,1
profissional,1
profissionalismo,1
profuso,-1
progressista,1
proibitivo,-1
prolífero,1
prolífico,1
prolixo,-1
prometedor,1
prometer mundos e fundos,-1
promiscuidade,-1
promíscuo,-1
promissor,1
promitente,1
pronóstico,-1
propício,1
proporcional,1
prosaico,-1
proscrito,-1
prosista,-1
prosperar,1
prosperidade,1
próspero,1
prostituído,-1
prostituir-se,-1
prostituto,-1
prostrado,-1
protector,1
protervo,-1
protestação,-1
protesto,-1
protetor,1
proveitoso,1
providência,1
providencial,1
providente,1
provincianismo,-1
provinciano,-1
provocação,-1
provocador,-1
provocante,-1
provocar,1
provocativo,-1
provocatório,-1
provocável,-1
prudência,1
prudente,1
pseudo-intelectual,-1
psicopata,-1
psicopatia,-1
psicose,-1
psicótico,-1
pueril,-1
pujante,1
pulcro,1
pulha,-1
pulhice,-1
pulverizado,-1
pundonoroso,1
punido,-1
punir,1
pureza,1
purificado,1
puritano,-1
puro,1
púrrio,-1
pusilânime,-1
puto,-1
putrefato,-1
pútrido,-1
puxadinho,-1
quadrado,-1
quadrúpede,-1
qualificado,1
quebrado,-1
quebrantado,-1
quebrantar,-1
quebrar a promessa eleitoral,-1
quebrar a promessa,-1
quebrar as regras do jogo,-1
quebrar as regras,-1
quebrar,-1
queimado,-1
queimar tempo,-1
queimar-se,-1
queimar,1
queixinhas,-1
queixoso,-1
queixudo,-1
queque,-1
querer poleiro,-1
querer tacho,-1
querido,1
querubínico,1
questionável,-1
quezilento,-1
quezília,-1
quisto,1
quixotesco,-1
rabelaisiano,-1
rabeta,-1
rabicho,-1
rabino,-1
rabudo,-1
rabugento,-1
rabugice,-1
rabulista,-1
racional,1
racista,-1
radiante,1
radicalista,-1
radioso,1
raiva,-1
raivento,-1
raivoso,-1
ralado,-1
ralador,-1
ralhão,-1
ralheta,-1
rameloso,-1
rancor,-1
rancores,-1
rancoroso,-1
rançoso,-1
ranheta,-1
ranhosice,-1
ranhoso,-1
ranzinza,-1
rápido,1
rapioqueiro,-1
raposeiro,-1
raposino,-1
raquítico,-1
raquitismo,-1
raro,1
rasca,-1
rasgado,-1
rasteiro,-1
rastejante,-1
razoável,1
reaccionário,-1
reacionário,-1
reactivo,-1
real,1
realismo,1
realista,1
realizado,1
reativo,-1
rebaixado,-1
rebaixar-se,-1
rebaixar,1
rebarbativo,-1
rebater,1
rebatido,-1
rebelado,-1
rebelde,-1
rebuscado,-1
recalcado,-1
recalcamento,-1
recalcitrante,-1
recatado,1
receoso,-1
receptível,1
receptividade,1
receptivo,1
recetível,1
recetividade,1
recetivo,1
rechaçado,-1
rechonchudo,-1
recluso,-1
recomendado,1
recomendável,1
recomposto,1
reconciliador,1
reconfortado,1
reconstituído,1
recreativo,1
recriminador,-1
rectidão,1
rectilíneo,1
recto,1
recuperado,1
recuperável,1
recusado,-1
redivivo,1
redondo,-1
reducionista,-1
redundância,-1
redundante,-1
redutor,-1
reduzido,-1
reelegível,1
reeleito,1
refalsado,-1
refeito,1
refilão,-1
reflectido,1
reflectivo,1
refletido,1
refletivo,1
reflexivo,1
reforçado,1
refractário,-1
refratário,-1
refrescante,1
refugiado,-1
refugiar-se,-1
refulgente,1
refutado,-1
refutar,1
regalado,1
regatão,-1
regateador,-1
regateiro,-1
regelado,-1
regenerado,1
regenerável,1
régio,1
regrado,1
regular,1
reinadio,1
reinante,1
reincidente,-1
rejeitado,-1
rejuvenescido,1
relambório,-1
relapso,-1
relaxado,-1
reles,-1
relevante,1
remelado,-1
remeloso,-1
remendado,-1
remendão,-1
remendeiro,-1
remisso,-1
remoçado,1
renascer das cinzas,1
render-se,-1
renegado,-1
renovado,1
repelente,-1
repelido,-1
repelir,1
repentinoso,-1
repetente,-1
repetitivo,-1
replicador,-1
reposto,1
repreensível,-1
represo,-1
repressão,-1
repressivo,-1
repressor,-1
reprimido,-1
reprimir,1
reprovação,-1
reprovado,-1
reprovador,-1
reprovável,-1
reptante,-1
réptil,-1
repugnância,-1
repugnante,-1
repulsão,-1
repulsivo,-1
repulso,-1
reputado,1
requebrado,-1
requebro,-1
requintado,1
resignado,-1
resmungão,-1
resmunguice,-1
resoluto,1
resolvido,1
respeitabilidade,1
respeitado,1
respeitador,1
respeitável,1
respeito,1
respeitoso,1
respingão,-1
respondão,-1
respondedor,-1
responsabilidade,1
responsável,1
ressabiado,-1
ressabido,1
ressarcido,1
ressentido,-1
ressequido,-1
ressuscitado,1
restabelecido,1
restaurado,1
restringido,-1
retardado,-1
reticente,-1
retidão,1
retido,-1
retilíneo,1
reto,1
retorcido,-1
retórico,-1
retorto,-1
retracto,-1
retraído,-1
retrair-se,-1
retrete,-1
retrocesso,-1
retrogradação,-1
retrógrado,-1
retumbante,-1
réu,-1
revel,-1
revelho,-1
reverenciado,1
revigorado,1
revoltado,-1
revoltante,-1
revoltoso,-1
revolucionado,-1
rezina,-1
rezingão,-1
ribaldeiro,-1
ribaldo,-1
rico,1
ridente,1
ridicularização,-1
ridicularizador,-1
ridicularizante,-1
ridicularizar-se,-1
ridicularizar,1
ridiculez,-1
ridículo,-1
rigor,1
rigorista,-1
rigoroso,1
rijo,1
risível,-1
risonho,1
rispidez,-1
ríspido,-1
robustecido,1
robustez,1
robusto,1
rodado,-1
roedor,-1
roer-se,-1
rolê,-1
roliço,-1
rompido,-1
roncador,-1
roncante,-1
roncão,-1
ronceiro,-1
rosnar,-1
roto,-1
roubado,-1
roubar,-1
rouco,-1
roufenho,-1
rouquidão,-1
rude,-1
rudeza ,-1
rudimentar,-1
ruído,-1
ruidoso,-1
ruim,-1
ruindade,-1
ruinoso,-1
russófobo,-1
rústico,-1
sabedoria,1
saber separar as águas,1
sabichão,-1
sábio,1
sabotar,-1
sacado,-1
sacana,-1
sacrificar-se,1
sacrifício,-1
sacrilégio,-1
sacrílego,-1
sacrista,-1
sacudir a água do capote,-1
sacudir,1
sádico,-1
sadio,1
sadismo,-1
sadista,-1
safado,-1
safar-se,1
sáfaro,-1
sáfio,-1
sagaz,1
sage,1
sagrado,1
sair de cabeça erguida,1
sair de mãos a abanar,-1
sair do armário,1
sair melhor do que a encomenda,-1
sair-se bem,1
sair-se mal,-1
saloiice,-1
saloio,-1
saltão,-1
saltar para o poleiro,-1
saltitante,-1
salutar,1
salvar a honra do convento,1
salvar,1
salvo,1
sanado,1
sandeu,-1
sangrento,-1
sanguessuga,-1
sanguinário,-1
sangüinário,-1
sanguinolência,-1
sanguinolento,-1
sanha,-1
sanhudo,-1
santificado,1
santo,1
são,1
sapeca,-1
sapiência,1
sapiente,1
sapudo,-1
saquear,-1
sarado,1
sarcástico,-1
sardanapalesco,-1
sardónico,-1
sarna,-1
sarnento,-1
sarnoso,-1
satânico,-1
satanismo,-1
satírico,-1
satisfação,1
satisfeito,1
saturado,-1
saturante,-1
saudável,1
sebentice,-1
sebento,-1
seboso,-1
secante,-1
seco,-1
sectário,-1
sedentário,-1
sedente,-1
sedento,-1
sedicioso,-1
sedoso,1
sedutor,1
seduzir,1
segregado,-1
seguir o caminho errado,-1
segurança,1
seguro,1
selecto,1
seleto,1
selvagem,-1
selvajaria,-1
selvático,-1
sem-carácter,-1
sem-caráter,-1
sem-sabor,-1
sem-sal,-1
semibárbaro,-1
semicivilizado,-1
semiconsciente,-1
semidivino,1
semilouco,-1
semimorto,-1
seminal,1
seminu,-1
semivivo,-1
senil,-1
senilidade,-1
sensaborão,-1
sensacional,1
sensacionalista,-1
sensatez,1
sensato,1
sensibilizar,1
sensível,1
sensual,1
sensualidade,1
sentenciado,-1
sentencioso,-1
sentir dor de corno,-1
sentir dor de cotovelo,-1
sentir-se nas nuvens,1
sequestração,-1
sequestrar,-1
sequestrável,-1
sequestro,-1
sequioso,-1
ser do contra,-1
ser do mesmo saco,-1
ser farinha do mesmo saco,-1
ser mau como as cobras,-1
ser melhor do que a encomenda,-1
ser um homem às direitas,1
ser um zero à esquerda,-1
ser uma bela prenda,-1
ser vítima de si próprio,-1
serelepe,-1
serenidade,1
sereno,1
seriedade,1
sertanejo,-1
servil,-1
servilismo,-1
servo,-1
severo,-1
sevo,-1
sexy,1
showoff,-1
sibilino,-1
sifilítico,-1
silenciar,1
simpatia,1
simpático,1
simpatizante,1
simplista,-1
simplório,-1
simulado,-1
sinceridade,1
sincero,1
sinistro,-1
sinuoso,-1
siso,1
sistematicidade,1
sistemático,1
sisudo,-1
snob,-1
snobe,-1
snobismo,-1
soberbo,1
sobrealimentado,-1
sobrecarregado,-1
sobredotado,1
sobressair,1
sobressaltado,-1
sobressalto,-1
sobriedade,1
sóbrio,1
sociável,1
soez,-1
sofista,-1
sofisticação,1
sofisticado,1
sofredor,-1
sôfrego,-1
sofrer,-1
sofrido,-1
sofrimento,-1
solerte,-1
solícito,1
solicitude,1
solidão,-1
solidário,1
sólido,1
solitário,-1
soltar-se,1
soluçante,-1
sombrio,-1
sonâmbulo,-1
sonante,1
songa-monga,-1
songamonga,-1
sonolência,-1
sonolento,-1
sonsice,-1
sonso,-1
sopeiro,-1
sordidez,-1
sórdido,-1
sorna,-1
sorrateiro,-1
sorrelfo,-1
sorridente,1
sorriso amarelo,-1
sorumbático,-1
sossegado,1
soturno,-1
sovado,-1
sovar,1
sovina,-1
sovinice,-1
stress,-1
stressado,-1
suave,1
subir nas sondagens,1
subjectivo,-1
subjetivo,-1
subjugação,-1
subjugado,-1
subjugador,-1
subjugante,-1
sublimado,1
sublime,1
sublimidade,1
submergido,-1
submerso,-1
submetido,-1
submissão,-1
submisso,-1
subordinado,-1
subordinante,-1
subornado,-1
subornador,-1
subornar,-1
subornável,-1
suborno,-1
subserviência,-1
subserviente,-1
subversão,-1
subversivo,-1
subversor,-1
sucesso,1
sucumbir,-1
súdito,-1
sufocado,-1
sufocador,-1
sufocamento,-1
sufocante,-1
sugar,-1
sugestionável,-1
suicida,-1
suicidar-se,-1
suicídio,-1
suíno,-1
sujidade,-1
sujo,-1
sumição,-1
sumido,-1
sumptuoso,1
suntuoso,1
superar,1
superconfiante,1
superdefensivo,-1
superdotado,1
superelegância,1
superelegante,1
superficial,-1
superficialidade,-1
supérfluo,-1
superior,1
superlotado,-1
supersensível,-1
supersticioso,-1
supimpa,1
suplantado,-1
suplantar,1
suplicar,-1
suposto,-1
supremo,1
suprimido,-1
surdez,-1
surdo,-1
surpreendente,1
surrado,-1
surreal,-1
surrealista,-1
surro,-1
susceptibilidade,-1
susceptível,-1
suscetibilidade,-1
suscetível,-1
suspeito,-1
suspicaz,-1
susto,-1
tabagista,-1
tablóide,-1
tabu,-1
tacanhez,-1
tacanho,-1
tachado,-1
tácito,-1
taciturnidade,-1
taciturno,-1
taful,-1
tagarela,-1
talento,1
talentoso,1
tamanco,-1
tamaninho,-1
tangível,1
tanso,-1
tapado,-1
tara,-1
tarado sexual,-1
tarado,-1
tarasco,-1
tardíloquo,-1
tardio,-1
tardo,-1
tareco,-1
tareia,-1
tarimbeiro,-1
tarouco,-1
tarouquice,-1
tartamudo,-1
tartufo,-1
tato,-1
teatral,-1
teatralidade,-1
teatralizar,-1
tédio,-1
tedioso,-1
teimoso,-1
telhudo,-1
temer,-1
temerário,-1
temeroso,-1
temido,-1
temível,-1
temoroso,-1
temperado,1
temperamental,-1
tempestivo,-1
tempestuoso,-1
temporizador,1
temudo,-1
tendenciosidade,-1
tendencioso,-1
tenebrosidade,-1
tenebroso,-1
tenro,-1
tensão,-1
tenso,-1
ter a cabeça em água,-1
ter a cabeça no lugar,1
ter a consciência pesada,-1
ter a corda ao pescoço,-1
ter a faca e o queijo na mão,1
ter a lágrima ao canto do olho,-1
ter a razão do seu lado,1
ter a vida facilitada,1
ter as costas largas,1
ter as costas quentes,-1
ter as horas contadas,-1
ter boa consciência,1
ter culpas no cartório,-1
ter de comer farinha maizena,-1
ter dois palmos de testa,1
ter dor de corno,-1
ter dor de cotovelo,-1
ter falta de chá,-1
ter ideias,1
ter má consciência,-1
ter macacos na cabeça,-1
ter macacos no sótão,-1
ter macaquinhos na cabeça,-1
ter macaquinhos no sótão,-1
ter mau perder,-1
ter memória curta,-1
ter na mão,1
ter o nariz empinado,-1
ter o pavio curto,-1
ter o rei na barriga,-1
ter os dias contados,-1
ter os pés assentes no chão,1
ter os pés bem assentes na terra,1
ter sentido de justiça,-1
ter sentido de oportunidade,-1
ter sentido de responsabilidade,-1
ter um aperto no coração,-1
ter uma grande cara de pau,-1
ter uma grande lata,-1
terno,1
ternura,1
ternurento,1
terrenho,-1
terrificante,-1
terrífico,-1
terrível,-1
terror,-1
terrorífico,-1
terrorismo,-1
terrorista,-1
teso,-1
testo,1
testudo,-1
tétrico,-1
tetro,-1
tigre,-1
tigrino,-1
tímido,-1
timorato,-1
tinhosice,-1
tinhoso,-1
tino,1
tirania,-1
tirânico,-1
tiranizar,-1
tirano,-1
tirar a água do capote,-1
tirar nabos da púcara,-1
tirar o cavalinho da chuva,-1
tirar o cavalo da chuva,-1
tirar partido da situação,-1
tirar proveito eleitoral,-1
tiririca,-1
tiritante,-1
tísico,-1
titubeante,-1
tocado,-1
tocador,-1
toldado,-1
toleirão,-1
tolerância,1
tolerante,1
tolhido,-1
tolhimento,-1
tolo,-1
tomar conta do jogo,1
tomar um banho de água fria,-1
tombado,-1
tonificado,1
tontice,-1
tontinho,-1
tonto,-1
tontura,-1
torcer o nariz,-1
torcido,-1
tormento,-1
tormentoso,-1
torpe,-1
torto,-1
tortuosidade,-1
tortuoso,-1
tortura,-1
torturado,-1
torturador,-1
torturante,-1
torturar,1
torvo,-1
tosco,-1
totó,-1
tóxico,-1
toxicodependência,-1
toxicodependente,-1
toxicomania,-1
toxicómano,-1
trabalhadeira,1
trabalhador,1
traficante,-1
trafulha,-1
trafulhice,-1
tragédia,-1
trágico,-1
traição,-1
traiçoeiro,-1
traído,-1
traidor,-1
trair,-1
trama,-1
tramado,-1
tramar,1
trampa,-1
trampolineiro,-1
tramposo,-1
trangalhadanças,-1
tranquilidade,1
tranquilizador,1
tranquilizante,1
tranqüilo,1
tranquilo,1
transgredir,-1
transido,-1
transigente,-1
translúcido,1
transparência,1
transparente,1
transtornado,-1
transtornar,1
transtorno,-1
transviado,-1
trapaceiro,-1
trapacento,-1
trapalhada,-1
trapalhão,-1
trapalhice,-1
traquejado,1
traquina,-1
tratado,1
tratante,-1
tratável,1
trauliteiro,-1
trauma,-1
travesso,-1
travessura,-1
travestido,-1
trazer água no bico,-1
trazer nas palminhas das mãos,-1
trazer o diabo no corpo,-1
trazer o diabo no ventre,-1
trazer o rei na barriga,-1
tremebundo,-1
tremelicas,-1
tremente,-1
tremer,-1
tremido,-1
trêmulo,-1
trémulo,-1
tresloucado,-1
tresmalhado,-1
treta,-1
trevoso,-1
trincado,-1
triste,-1
tristeza,-1
tristonho,-1
triturado,-1
triunfador,1
triunfante,1
triunfo,1
trivial,-1
troca-tintas,-1
trocar alhos por bogalhos,-1
trocar os pés pelas mãos,-1
trocar-se todo,-1
trocista,-1
troglodita,-1
troliteiro,-1
trombudo,-1
trôpego,-1
truanesco,-1
trucidação,-1
trucidado,-1
trucidante,-1
trucidar,1
truculência,-1
truculento,-1
truque de magia,-1
truque,-1
tumulto,-1
tumultuado,-1
tumultuário,-1
tumultuoso,-1
turbador,-1
turbulência,-1
turbulento,-1
turrão,-1
ubíquo,1
ultrajado,-1
ultrajante,-1
ultrajar,-1
ultraje,-1
ultrapassado,-1
ultrapassar,1
unificador,1
uniformizador,1
unívoco,1
untuosidade,-1
untuoso,-1
urinado,-1
usar,-1
usurário,-1
usurpador,-1
usurpar,-1
útil,1
utopia,-1
utópico,-1
utopista,-1
uxoricida,-1
vacilação,-1
vacilar,-1
vadiação,-1
vadiagem,-1
vadio,-1
vagabundagem,-1
vagabundo,-1
vagamundo,-1
vagaroso,-1
vago,-1
vaguear,-1
vagueza,-1
vaiado,-1
vaidoso,-1
valentão,1
valente,1
valentia,1
valetudinário,-1
validade,1
válido,1
valioso,1
valoroso,1
vandálico,-1
vandalismo,-1
vândalo,-1
vangloriar-se,-1
vanguardeiro,1
vanguardista,1
vantagem,1
vantajoso,1
vão,-1
varado,-1
varonil,1
varrido,-1
vassalo,-1
vazio,-1
vedado,-1
velado,-1
velhacaria,-1
velhaco,-1
velho e relho,-1
velho,-1
velhote,-1
veloz,1
venal,-1
vencedor,1
vencer,1
vencido,-1
vencível,-1
vendedor,-1
vender banha da cobra,-1
vender gato por lebre,-1
vender-se,-1
vendido,-1
veneno,-1
venenoso,-1
venerado,1
venerando,1
venerável,1
ventrudo,-1
venturoso,1
ver a luz ao fundo do túnel,1
ver a vida a andar para trás,-1
ver a vidinha a andar para trás,-1
ver com olhos de ver,1
veracidade,1
veraz,1
verdade,1
verdadeiro,1
vergado,-1
vergonha,-1
vergonhoso,-1
veridicidade,1
verídico,1
vermelhusco,-1
verosímil,1
verosimilhante,1
verrinoso,-1
versado,1
versátil,1
versatilidade,1
vertical,1
vesgo,-1
vexação,-1
vexado,-1
vexar,1
viajado,1
viciado,-1
vicioso,-1
viçosidade,1
viçoso,1
videirinho,-1
vigarice,-1
vigarista,-1
vígaro,-1
vígil,1
vigor,1
vigoroso,1
vil,-1
vilão,-1
vinagrento,-1
vingança,-1
vingativo,-1
vinolência,-1
vinolento,-1
violado,-1
violência doméstica,-1
violentado,-1
violento,-1
viperino,-1
vira-casacas,-1
virar a cabeça a,-1
virar a casaca,-1
virar as costas a,-1
virar o bico ao prego,-1
viril,1
virtuoso,1
virulento,-1
visceral,-1
viscoso,-1
visionário,1
vistoso,1
vitalizador,1
vítima,-1
vitimar,1
vitimização,-1
vitória,1
vitorioso,1
vivaço,1
vivaz,1
vivedor,1
vivido,1
vivificador,1
vivo,1
vociferação,-1
vociferador,-1
vociferante,-1
voltar à cepa torta,-1
voltar as costas a,-1
voltar com a palavra atrás,-1
voluntariosidade,1
voluntarioso,-1
volúvel,-1
vomitado,-1
vomitar-se,-1
vómito,-1
vorace,-1
voraz,-1
vulgar,-1
vulgaridade,-1
vulgarizado,-1
vulgarizador,-1
vulnerabilidade,-1
vulnerável,-1
xenófilo,1
xenofobia,-1
xenófobo,-1
xexé,-1
xingar,-1
zaino,-1
zanga,-1
zangado,-1
zarolho,-1
zelo,1
zeloso,1
zelote,-1
zombar,1
zombeteiro,-1
zonzeira,-1
zonzo,-1
zote,-1
zumbidor,-1
